"name,age,street,city,state,zip,lng,lat"
"Michael Henry,79,3534 Norris Park Apt. 904,Rodriguezview,Minnesota,40454,80.721082,86.5584795"
"Melissa Moore,66,98897 Davis Parks,Justinfort,Oklahoma,62504,85.162680,-75.026269"
"Adrian Hart,46,9783 Christopher Inlet Suite 062,Port Joseph,Iowa,98727,-36.566070,25.9627485"
"Jeffrey Williams,72,01953 Mann Station Apt. 874,East Samanthaburgh,Connecticut,75809,136.339194,-66.447425"
"Jeffrey Mcbride,43,9753 Jennifer Ford,South Thomas,Missouri,90879,121.880909,-51.943518"
"Richard Wilson,35,84517 Carter Mountain Suite 079,Port Joseph,South Dakota,39634,-172.408876,25.0502275"
"Taylor Johnson,51,1310 Ortiz Garden,South Rebeccahaven,Oregon,75113,-55.923189,55.849695"
"Jennifer Mendoza,48,23266 Schneider Row,Lake Scott,Texas,57817,-129.103090,0.8064495"
"Sabrina Fields,62,185 Danny Dale Apt. 274,Thompsonborough,Nevada,11764,-123.770744,-49.619038"
"Amy Ingram,77,210 Heather Viaduct,North Donald,Rhode Island,54523,22.451490,-34.075284"
"William Chapman,40,74331 Ashley Freeway Suite 166,Lake Kimberly,New Hampshire,64592,35.563599,-80.7580305"
"Marcus Bartlett,55,724 King Groves,Nicholasberg,Virginia,47789,6.679496,75.5575425"
"Brittany Chavez,72,620 Chambers Run Suite 479,Johnchester,Nevada,64953,123.440144,-48.8019475"
"Tina Monroe,74,34999 Brown Drive Apt. 136,North Davidfurt,South Carolina,36041,131.934374,-61.4975075"
"David Jones,26,71360 Hurst Skyway Apt. 566,New Daniel,Ohio,94666,164.085826,-46.118435"
"Brett Lewis,37,323 Scott Islands Apt. 053,North Joseph,Wyoming,00960,-41.241956,-38.9548005"
"Lauren Shaw,65,3708 Blair Overpass,Port Lisa,Michigan,67729,-112.095568,-82.8289755"
"Kyle Burns,33,8687 Jennifer Dam Apt. 689,West Amy,Wisconsin,97066,-44.923424,-82.2118195"
"Danielle Carter,41,09270 Paul Spurs,Lake Alexismouth,Kentucky,03248,-14.107614,27.8726165"
"Mr. Louis Snyder,31,8260 Johnson Glen Apt. 406,Escobartown,Mississippi,22706,76.566105,63.1036695"
"Andrew Duran,48,7924 Ford Ramp Suite 535,Markbury,Alaska,88864,108.724026,-55.4779815"
"David Reed,34,798 Fisher Junction Apt. 314,Silvabury,Wisconsin,75119,179.931349,-57.5214145"
"Jessica Quinn,48,0053 Christopher Trail,New Richard,New Jersey,88988,149.964639,-18.351751"
"Tamara Edwards,71,4602 Bass Haven,West Cynthia,Wyoming,21675,123.221369,-27.7928695"
"Deborah Finley,71,844 Patrick Lane Apt. 963,East Michele,Virginia,42316,-179.599731,4.1419075"
"Jason Fowler,38,779 Morris Circles,East Katelyn,Arizona,58992,166.700901,-0.716478"
"Christina Butler,35,75299 Christopher Field Suite 213,Cruzburgh,Nevada,98916,160.737495,44.4599585"
"Todd Maddox,24,30516 Peters Dale,Cruzfort,Utah,69206,-93.727716,69.013474"
"Kaylee Medina,69,09264 Douglas Prairie Suite 466,Rossmouth,South Dakota,37514,122.973445,67.004837"
"Nichole Butler,77,50259 Miller Rue,Scottport,New Mexico,33627,-119.019188,42.240039"
"Christina Mueller,56,655 Diane Orchard,Kimberlychester,Oregon,68749,131.352612,-0.0122895"
"Lee Gordon,64,1333 Megan Ranch,Gordonport,Alaska,09591,42.634867,83.564307"
"Richard Scott,22,791 Pearson Junctions,Lake Codyfort,Tennessee,91534,82.993447,-28.512686"
"Jennifer Rowe,31,1952 Kent Coves Apt. 932,Lake Douglas,West Virginia,62968,-81.006473,-20.3402435"
"Deborah King,72,3793 Allen Plains,Christyshire,Ohio,12027,-155.597123,-66.513090"
"Diana Harris,56,1708 Cory Road,New Sydney,Alabama,64416,109.254200,22.1418535"
"James Williams,45,90284 Davis Mountain Apt. 766,Flemingshire,Louisiana,57871,-147.718166,-14.616455"
"Thomas Dennis,57,65695 Anthony Garden,Mariabury,Oklahoma,15821,118.992160,-32.8746775"
"Debbie Freeman,35,98219 Melinda Pine,Susanland,Arkansas,53773,-38.761627,54.724813"
"Cheryl Pitts,67,80475 Brad Road Suite 474,Lake Michaelton,New Hampshire,15582,-4.332089,-34.9178805"
"Mr. Steven Hudson,69,0453 Melissa Falls Apt. 267,Dylanville,Illinois,37037,-64.311823,6.764047"
"Samuel Fernandez,18,562 Phillip Corners,New Cody,Pennsylvania,73932,-161.122546,62.9569475"
"Eric Byrd,80,770 Audrey Causeway,Turnerfurt,Connecticut,17174,-73.854399,-9.714970"
"James Hall,31,45698 Smith Isle,West Williamchester,Wisconsin,95249,148.148089,-46.896059"
"Brian Davenport,48,389 Sanchez Corners,Aaronville,Kentucky,62064,-70.125054,-87.4035875"
"Marissa Moore,76,5269 Jennifer Corner,Patriciaton,Montana,69213,116.315893,89.536038"
"Wendy Carson,79,168 Bridges Club Suite 791,Garciaborough,Maryland,93922,104.180024,33.7516355"
"Matthew Wolf,33,516 Mark Stravenue,Jasonmouth,California,34104,-128.904133,-31.077911"
"Eric Warner,33,5228 Nash Spring Apt. 307,North Carlos,Maryland,70143,82.818042,-49.9538535"
"Robin Nelson,45,763 Stark Wells,Port Rebecca,Vermont,48991,132.618718,-47.708392"
"Benjamin Cohen,56,68979 Steven Gardens,Lake Reginaldburgh,Wyoming,62710,107.171120,-23.920932"
"John Smith,44,214 Bradley Street,Reedstad,Maine,50068,-40.286158,-46.9981605"
"Edward Miranda,52,13126 Tyler Shore Suite 662,Michelefort,North Carolina,29290,133.707712,29.4601705"
"Robert Webb,54,4576 Peterson Curve,Lake Ebonymouth,Kansas,92091,175.680063,-34.0281675"
"Shannon Frank,33,05490 Castillo Cliffs,East Tracy,Virginia,02633,-40.605324,89.9894835"
"Mindy Bell,44,9220 James Ports,West Anthonymouth,Utah,39527,-107.630392,65.165651"
"Emily Ramos,23,4506 Sexton Gardens Apt. 035,New Jeanmouth,Georgia,29973,-33.721045,-51.474129"
"Stephen Robinson,36,447 Gardner Pass,New Davidborough,Maryland,42588,96.598774,-29.779158"
"Christopher Nunez,47,8652 Gabriel Motorway Suite 670,Skinnerchester,New Jersey,88372,-89.414882,29.534660"
"Kevin Williams,32,416 Cooper Plains,New Juliaburgh,Virginia,63943,92.294092,-4.300176"
"Dana Ferguson,21,274 Lisa Mission Apt. 161,South Johnport,Oregon,57099,70.253088,82.8384615"
"Olivia Smith,68,785 Obrien Route,West Joanneville,Nevada,08876,-148.697223,42.578073"
"Jessica King,65,016 Jessica Divide,Kaylastad,Wyoming,26862,-109.377127,57.129506"
"Pamela Bailey,43,802 Marissa Ports,New Claudia,Indiana,99631,0.404364,-61.419070"
"Gregory Jensen,50,6769 Valentine Run,Garzaberg,California,74506,-144.684985,27.5996915"
"Samuel Stevens,52,536 Danielle Junction,Trujillochester,Washington,74776,-133.947447,50.6110455"
"Andre Jenkins,66,70513 Mills Rapids,Timothybury,Nebraska,85666,68.332629,-46.7294595"
"Kimberly Mason,24,9181 James Trail Apt. 844,Kristinafurt,Washington,28840,175.154857,85.4451745"
"Jason Byrd,21,6194 Christine Drives Apt. 614,North Jenniferside,Iowa,40873,-82.210415,26.212729"
"Briana Hinton,64,5526 Deborah Groves,Cookmouth,West Virginia,83326,-10.399035,41.5580455"
"Robin Hart,60,20823 Natalie Parkways,Lisafort,Nevada,63155,8.257515,-46.682022"
"Daniel Hamilton,36,39683 Tucker Springs,North Davidshire,Texas,51773,10.744780,41.412672"
"Beverly Lopez,79,612 Joanna Spurs,Normaberg,Virginia,14747,18.308622,-34.5394265"
"Megan Santos,51,522 Kimberly Vista Suite 217,East Sean,West Virginia,48359,-33.751417,89.812019"
"Elizabeth Orr,37,5141 Emma Ports Suite 749,North Annafurt,Texas,86343,7.615733,71.6714375"
"David Evans,70,18052 Brett Fork Suite 188,South Rachel,Tennessee,58468,45.614354,-86.327700"
"Amy Thomas MD,65,6840 Brittany Port,North John,Wisconsin,26279,103.483763,37.717258"
"Caleb Myers,42,4449 Porter Forges Suite 607,Jamesland,Alabama,29179,175.920834,-65.102593"
"Kevin Schmidt,40,0508 Lane Points,Port Bethport,Utah,04535,98.627459,20.004427"
"Adam Smith,79,91251 Wright Mill,Rachelport,Alabama,40566,37.703992,81.0155275"
"Sandra Martinez,33,8988 Martinez Port Suite 112,Robertburgh,Colorado,16795,-135.950997,-26.333464"
"Kristina Williams,45,3710 Richard Green,Wilsonside,Arizona,70208,178.843328,-66.8316265"
"Daniel Watson DDS,45,256 Julie Harbor,Taylorhaven,Hawaii,08756,178.635096,71.730349"
"Beth Burgess,35,28083 Eddie Key Apt. 053,Jamesberg,Kansas,29406,111.861868,64.0383855"
"Harold Ramirez,56,665 Eric Manors Suite 537,Jeanbury,North Carolina,33307,144.130308,16.4971045"
"Brad Walker,35,7331 Patrick Parkway Apt. 098,Scottbury,Wisconsin,64757,1.487503,34.795117"
"Angela Salazar,44,3466 Alexander Shoals,Williamston,Missouri,24231,-162.935836,49.217803"
"Jennifer Taylor,55,63103 Simpson Terrace,West Mary,Arizona,38275,17.065394,-63.9723865"
"Angie Arroyo,79,82471 Jasmine Tunnel,North Michael,West Virginia,62293,-6.268431,-87.567286"
"Amanda Sanders,74,81003 Benjamin Roads,Andreville,Arizona,21748,156.650991,-20.2864135"
"Alexander Williams,40,93932 Mcclure Cape Apt. 663,South Josephstad,Arizona,66110,-136.160019,13.0351485"
"David Bowman,33,158 Dickson Green Apt. 312,New Tinaville,South Dakota,01027,97.862958,6.682685"
"William Murray,55,7220 Krueger Groves Suite 676,Sharonborough,Oregon,29563,16.237746,-7.8381095"
"Frank Washington,23,76190 Dennis Crest,Rodriguezview,Arkansas,19310,53.793602,-9.7645585"
"Amanda Smith,24,22412 Matthew Mountain,North Tonyaborough,Vermont,41254,133.378300,8.406160"
"Christina Turner,31,56290 Ryan Cove Suite 085,Nathanielton,Wyoming,43659,41.035472,-68.3084555"
"Stephanie Skinner,43,944 Gates Grove Suite 074,East Dustinshire,Nevada,47236,77.579707,-3.552621"
"Lori Clark,74,408 Tapia Cove,Hallshire,Rhode Island,20203,133.592933,-73.793842"
"Kayla Alvarado,80,30295 Jeffrey Ridges Apt. 877,Susanbury,Virginia,91647,118.274553,66.8069745"
"Kiara Hudson,65,844 Galloway Orchard,Molinafurt,Massachusetts,37388,173.261591,-55.8148725"
"Thomas Simmons,61,40338 Lisa Junction Suite 631,Jamieport,Texas,83129,-31.974044,-57.6307245"
"George Mosley,54,90393 Megan Ways Suite 596,North Colton,Nevada,88989,141.974937,-78.9662115"
"Natalie Smith,22,993 Calhoun Estates Apt. 502,South Evan,Connecticut,10040,-75.158410,-5.727596"
"Zachary Moore,42,46576 Jonathan Court Suite 249,Jamesborough,Maryland,75714,78.595072,37.532440"
"Robert Casey,30,50504 Leblanc Tunnel Suite 517,Lake Katherine,North Dakota,67976,59.681987,87.673799"
"Adam Fuller II,71,02453 Johnson Lock,Richardsonfurt,Wyoming,89457,-119.440697,28.175694"
"Lisa White,54,9874 Davies Hills Apt. 920,Kellyfort,Utah,33067,88.354806,76.300554"
"Mary Coleman,35,38445 Flores Hollow,Port Melissaburgh,New Hampshire,14715,-179.560070,-52.278192"
"Jennifer Jackson,73,53117 Brittney Throughway,Robinsonmouth,Delaware,08034,-172.833399,-36.392982"
"Matthew Smith,48,3115 Patel Grove Apt. 410,Michaelborough,Montana,02403,-56.446844,-5.846832"
"Mike Hernandez,75,2793 Chapman Lodge,New Traviston,Hawaii,66287,-69.386786,-54.938361"
"Brandon Patel,35,23000 Benson Crest Suite 919,Gloverchester,Vermont,28288,61.461885,4.0904855"
"Kimberly Marquez,58,13663 Charles Valley Suite 633,South Jared,Iowa,70476,-33.762392,-49.342339"
"Kelly Mckay,41,6930 Christopher Road Apt. 987,Port Lindafort,Maine,96503,26.614240,-10.492365"
"Charles Perez,48,02643 Louis Stream,South Terrancefort,Missouri,62443,-173.715682,1.8293065"
"Christine Gonzalez,72,4263 Lewis Road,Franklinberg,Missouri,09501,-69.974109,27.2911705"
"Jennifer Phillips,57,36518 Angie Burgs,New Laurie,Alabama,06329,114.315966,-78.7946955"
"Rhonda Simmons,63,408 Rios Harbors,Carrieside,Alaska,42045,116.876963,-39.237353"
"Bianca Robertson,58,4008 David Streets Apt. 815,North Cynthia,Michigan,97235,-157.403604,-6.8333365"
"Sherri Gomez,46,17766 John Gardens,South Victoriafurt,Georgia,78448,-92.611598,58.580429"
"Ronald Watts,49,890 Pitts Groves Suite 520,New Anna,South Dakota,23233,-73.885301,-25.202144"
"Michele Padilla,46,25214 Yu Plain Suite 243,Courtneymouth,Louisiana,37048,134.947315,-15.4430245"
"Nicole Mccullough,75,4768 Anthony Streets Apt. 021,Sheilafurt,Rhode Island,80372,121.870469,-33.650904"
"Bonnie Huerta,24,3086 Evans Mills,South Luisburgh,Louisiana,33091,-132.678983,7.918513"
"Douglas Patterson,36,928 Mario Parkway Suite 611,Lake Raymondview,Pennsylvania,31176,-26.976619,44.928903"
"Laura Osborn,71,0854 Cook Courts,East Davidville,Iowa,13399,-60.366727,35.3618605"
"Luis Pena,32,4195 Joshua Corners,Sarahstad,Connecticut,37457,42.252785,85.018937"
"Pamela Patel,72,9052 Burgess Lodge,New Joanna,Louisiana,12466,-169.944741,-17.991230"
"Brittany Morris,77,25528 Michele Crest,Joshuaport,Florida,06653,106.770825,2.045936"
"Robert Carter,60,282 Megan Path Suite 767,Timothyside,Wisconsin,78875,158.287216,77.256541"
"Mark Miller,73,3006 Michael Key Apt. 958,Kellerville,Massachusetts,95888,-86.778837,22.320569"
"Melissa Russell,62,8717 Simmons Haven,Parkerview,Oklahoma,83007,158.874726,-5.205564"
"Timothy Wright,56,22749 Samuel Valleys,Lake Jamesport,Indiana,30058,168.052866,-61.869526"
"Matthew Ferguson,42,661 Grant Stravenue,West Lindsey,Wisconsin,12959,-175.061838,71.7538995"
"Mary Walker,20,9313 Clark Park Apt. 319,Courtneyshire,South Carolina,32593,22.986238,-88.746218"
"Tammy Cooper,25,22304 Janet Rapids,East Ryan,California,58683,107.204045,59.6501155"
"Rita Rogers,23,226 Yolanda Center Suite 125,Maldonadoport,Texas,10707,8.327329,12.931779"
"Joseph Sanders,32,43438 Short Mill,Port Ashley,Ohio,96599,102.245609,-43.955485"
"Rebecca Ramsey,76,962 Roberto Drive,Reevesberg,Tennessee,19732,119.663719,15.957362"
"Michael Choi,64,336 Lester Brook,East Jeffreyshire,South Dakota,51872,169.102164,26.312869"
"Alexander Anderson,48,73026 Sosa Stravenue Apt. 398,Jamesmouth,Iowa,38151,100.639710,79.363746"
"Anthony Rowe,48,8316 Carrillo Mission Suite 680,Shelbyberg,Minnesota,79939,-22.401983,82.405710"
"Jeanette Rodriguez,57,8713 Gibson Flat Apt. 608,East Amymouth,Maryland,55470,-55.295585,-42.7792575"
"Jeffrey Vargas,73,8776 Sandra Bridge,Loganberg,Rhode Island,66879,160.321166,65.441426"
"Laura Johnson,52,2420 Amy Junctions Suite 261,Lisaview,Nebraska,90386,26.516681,89.683056"
"Sheri Perry,42,65214 Campbell Union,Lake Christian,Utah,73144,147.340831,-79.264985"
"Donald Love,19,9371 Cruz Skyway,Christinabury,Kentucky,40881,-65.874250,-88.080482"
"Kim Spencer,39,09771 Sutton Heights Apt. 032,Williamsburgh,Wisconsin,66840,-161.264420,46.496879"
"Ronald Reyes,30,69824 Mullen Roads,West Nicoleberg,New York,02116,-124.405014,64.9553275"
"Jason Noble,76,0618 Carol Drives Apt. 206,Lake Billyhaven,Hawaii,45722,48.524179,-34.1091685"
"Tara Ortiz,69,1751 Marshall Village,New Cherylville,Maryland,33551,3.392134,41.6259535"
"Evan Duke,39,886 Beth Springs Suite 767,Henrystad,South Dakota,74956,-99.227712,-3.320535"
"Laura Kelley,37,976 Krista Route Suite 068,Ortegastad,Florida,39459,111.293390,0.600893"
"William Moreno,72,127 Hardy Roads Apt. 554,Lake Heather,Virginia,23552,5.218285,-34.9620985"
"Debbie Wright,29,5683 Ashley Route Apt. 990,Garciaberg,California,40594,-77.784983,7.333685"
"Douglas Webster,69,026 Sherry Forks Suite 876,Holmesport,Utah,52887,91.362759,-88.756281"
"Lisa Stark,57,55985 David Ranch Suite 903,Jessicamouth,Georgia,81344,104.275400,-36.921886"
"Ariana Conner,21,659 David Corners Suite 019,Morganberg,Virginia,48143,-98.980699,76.943744"
"Monica Johnson,71,2939 Nicole Cape Apt. 372,Annamouth,New Jersey,97021,-30.277773,27.5970185"
"Alexander Vargas,48,80923 Garrett Radial,Lopezland,North Dakota,94596,-32.598739,59.0817895"
"Rhonda Delgado,55,880 Valerie Forges Apt. 613,Jenniferland,Utah,63936,124.734633,43.100688"
"Wesley Carr,26,692 Heather Lock Suite 048,West Brett,Arizona,05414,-120.477244,-43.922735"
"Timothy Hardy,34,4165 Rose Garden Suite 097,West Paul,Illinois,49555,26.451390,42.1531285"
"Christopher Miller,54,2843 Jacobs Forks Suite 015,South Kellymouth,Nebraska,47945,-93.128893,-70.177281"
"Mr. Darryl Morrow,79,95742 Jacob Ramp Suite 044,Port Christinefort,Delaware,22272,45.166244,-50.5329255"
"Charles Miller,25,1995 Thompson Meadow,Lake Joseph,Delaware,12994,121.542758,-75.6050325"
"Thomas Cook,25,94792 Christina Groves Apt. 449,Lake Thomas,Oregon,79124,122.649894,17.827120"
"Susan Vincent,22,135 Amy Tunnel,Jacksonburgh,Florida,55381,78.874897,66.3913715"
"Tina Larson,18,9810 Young Spur,Howellton,West Virginia,53836,-124.630911,62.909809"
"Mike Jenkins,57,699 Parks Mall Apt. 762,Port Alec,Florida,33705,-83.555158,70.097675"
"Edwin Jacobs,34,6264 Timothy Keys Apt. 991,Roberttown,Missouri,61555,38.391206,-74.098111"
"Karen Lewis,29,67785 Justin Harbor,Reginaland,Arizona,15391,-3.207995,-4.7470665"
"Alexander Mcfarland,32,787 Oconnell Points,South Christy,Tennessee,92537,-16.809333,-44.786358"
"Kyle Lucas,22,115 Morales Summit,Lake Dianamouth,Wyoming,84464,-15.331328,-2.365472"
"Jennifer Rivera,41,314 Stanton Village,Jerryburgh,Massachusetts,38204,-113.753355,30.4699155"
"Samantha Garcia,62,2130 Smith Place Apt. 741,Turnerchester,Michigan,63047,-28.290564,2.846924"
"Samantha Wallace,47,2271 Lindsey Station,Fordbury,New Jersey,12963,146.862260,89.2340995"
"Christopher Jarvis,57,863 Mark Points Suite 523,South Gregory,Vermont,02628,-26.804264,-0.532409"
"Penny Randall,42,44345 Gregory River Suite 527,Alvarezstad,North Carolina,97523,127.475252,-35.6791355"
"James Everett,76,7773 Stewart Junctions,East Cynthiatown,Maryland,53109,-110.084830,66.1658375"
"Eric Hobbs,62,957 Brad Center Apt. 132,Walkerview,Montana,19626,-0.404843,76.9600935"
"Chelsea King,58,8382 Dillon Forge,West Johnchester,Vermont,67229,-2.325920,-43.3629075"
"Alicia Thomas,56,110 Miller Throughway Apt. 488,Samanthamouth,Iowa,39607,-150.177588,62.7947945"
"Jose Walton,76,9227 Gregory Curve Apt. 891,Markside,Maine,84348,127.230867,36.4546345"
"Andrew Snyder,36,02137 Robinson Courts,North Matthew,South Carolina,45969,150.113003,-44.708587"
"Patrick Williamson,41,629 Jennifer Prairie,Wongton,New Mexico,59867,-18.159275,61.144707"
"Michael Scott,66,469 Lawrence Ramp Apt. 204,Port Ashley,Tennessee,44662,54.237109,74.982199"
"Meghan Johnson,73,451 Robinson Road Suite 980,North Thomas,Wisconsin,49918,136.489335,51.228490"
"Brandon King,21,2917 Jocelyn Drive Suite 438,New Craig,Arizona,60833,-125.551528,32.358386"
"Deborah Reynolds,52,1667 Elizabeth Pine Apt. 130,New Nicolefurt,South Carolina,50680,103.525348,-46.269175"
"Michael Ortiz,71,0157 Hernandez Flats Apt. 772,South Crystal,Utah,31567,112.435601,-47.748922"
"Daniel Owens,52,81588 Simpson Rest,Lake Sharon,Vermont,12003,-80.385685,-49.840728"
"Christine Summers,26,45255 Hobbs Harbor Suite 240,New Desireemouth,Virginia,96217,-171.358007,24.523426"
"Katherine Riley,33,35451 Shawn Stream,Dianaside,Mississippi,55660,-177.886536,-38.8213125"
"James Adams,61,624 Cox Lane Suite 943,Castilloton,Illinois,62966,-53.438862,-2.2037985"
"Nicole Sanchez,78,2464 Scott Harbors Apt. 055,Molinaview,California,21125,84.088576,80.540891"
"Lisa Flores,75,3743 Colleen Parks,Jacobmouth,Massachusetts,59190,159.088245,-62.7997715"
"Richard Jones,56,881 Allen Curve,North John,Nevada,99213,120.313108,-78.0228765"
"John Stephens,50,98099 Le Heights Suite 457,Goodwinport,Alaska,02455,23.438571,-82.943028"
"William Smith,73,0883 Daniel Knoll Suite 259,Ginabury,Ohio,66346,-88.386633,-57.632581"
"Michael Ramirez,43,01012 Timothy Key Apt. 690,Tylerland,Alabama,02572,-17.295683,84.7180825"
"Abigail Mason,33,07633 Kristen Falls Suite 965,Port Jeffreyburgh,Illinois,34169,171.845119,-80.2969175"
"Steven Yang,63,53392 Ashley Mill,North Craigtown,North Carolina,78311,-11.676770,16.147524"
"Curtis Li,19,4464 Darrell Drive,Wendyfort,Oregon,51415,-89.839144,-80.5148665"
"Scott Cruz,27,7321 Foster Island,East Davidside,Montana,20037,-20.402945,-60.593831"
"Michael Rodriguez,68,322 Marcus Bypass,West Sarah,Louisiana,99047,-99.156644,-74.840902"
"Cassandra Butler,66,28460 Bean Green Suite 923,New Jennifer,Arizona,31701,144.293380,-57.900251"
"Chelsea Ross,57,439 David Station Suite 060,Johnside,Michigan,88437,115.770260,-37.7695195"
"Robert Costa,79,7934 Schwartz Lodge,Colestad,Utah,18654,-156.894568,-53.9792495"
"Sharon Martin,47,14304 Ward Lodge Apt. 590,East Joseph,Kentucky,76526,-129.045121,-34.854708"
"Mary Jones,55,6565 Frederick Causeway,Millermouth,Mississippi,74364,51.239201,-54.223520"
"Dr. Justin Fields,38,4097 Lucas Ferry Apt. 458,East Michael,Oklahoma,47945,-29.047119,35.483674"
"Joanne Nunez,67,974 Samantha Ways Apt. 642,New Rebeccaland,South Dakota,58842,-23.462260,-9.8167125"
"Mark Dunn,24,478 Deleon Trace Suite 191,Walkerton,Illinois,67137,123.262674,49.9693065"
"Charles Johnson,80,0451 Jeffrey Falls Suite 171,North Audreyport,Missouri,86173,167.356568,58.363205"
"Andrew Wilson,60,7338 Phillip Ways Apt. 186,Port Charles,Wisconsin,68989,149.699339,13.246803"
"Heather Vazquez,32,30922 Kimberly Spring Apt. 610,Stonemouth,Kentucky,47170,138.328905,78.8849465"
"Christine Brock,21,6379 Alexander Corner Apt. 236,Hopkinston,Iowa,73618,-127.471849,63.347618"
"Frances Jenkins,75,20933 Joshua Lock,Woodston,Florida,88068,80.305597,-20.6440875"
"Frederick Best,53,83974 Edwards Hill Suite 590,Jesusberg,California,07332,78.557366,-69.7143145"
"Deborah Bowman,36,13609 John Pike Suite 615,Lake Michaelbury,Kansas,46683,176.802007,-32.0898055"
"Theresa Miller,49,25382 Mayo Spring,Port Erica,North Carolina,13970,130.691623,32.377712"
"Mr. Steven Montgomery,28,0175 Curry Harbor,New Kenneth,South Carolina,84307,61.056215,86.712830"
"Drew Holloway,27,1914 Adam Corner,Port Kaitlynberg,Florida,89282,16.994179,17.878325"
"Justin Solomon,72,0924 Steele Ports Apt. 204,New Marilyn,Rhode Island,66940,30.369728,77.740894"
"Tony Smith,43,30893 William Cliffs,Gavinbury,Ohio,77292,26.798213,55.936711"
"Taylor Norris,79,143 Brooke Plains Suite 116,Williamsland,West Virginia,72158,-145.696403,88.300668"
"Michael Jones,71,918 Richard Stream,East Katie,Alabama,91143,164.552180,-86.1860635"
"Kyle Johnson,46,6895 Zachary Branch,North Tiffanybury,North Carolina,35729,-70.786442,25.865841"
"Willie Johnson,32,2428 Scott Crossing Suite 811,Sandratown,Kansas,95156,102.995597,-1.0295795"
"Kathy Reilly,54,5872 Carlos Locks,Houstonport,Michigan,92620,-111.248716,38.1101515"
"David Miller,39,5565 Brian Throughway,Jefferyside,Colorado,88630,69.652735,37.2256075"
"Mr. Dustin Smith,26,9063 Nicholas Burg Apt. 966,Cooperhaven,Virginia,91554,-57.568506,-54.310854"
"Brendan Dominguez,80,38884 Cynthia Prairie,West Lauren,Kentucky,75643,-141.382609,-25.546463"
"Beth Arias,59,23623 Christine Lodge,Saraville,New Hampshire,91412,-169.107754,18.0752375"
"Peter Houston,47,051 Haley Valley Apt. 294,Robertton,Louisiana,95986,-46.932086,33.8337655"
"David Hunt,34,384 Mark Coves,North Anna,Hawaii,97863,-83.189526,-47.2498005"
"Tammy Miller,47,302 Matthews Forest Apt. 549,Kimtown,Louisiana,59898,-20.055686,-83.637561"
"Margaret Singh,69,744 Gregory Circle,South Kathryn,Georgia,71509,167.247820,-65.628836"
"Joel Burke,27,2852 Michael Motorway,North Leahfurt,Texas,06327,33.445823,75.138762"
"William Lewis,60,705 Jason Burgs,Melissaville,South Carolina,98190,-141.637493,-46.473980"
"Jose Martinez,57,09341 Morales Lakes Apt. 688,West Janetburgh,Michigan,76747,168.590310,-66.1880995"
"Peter Ball,42,75445 Deborah Roads Apt. 839,Stacyfort,Washington,26674,34.665065,-41.6814465"
"Gary Perez,30,30828 Berry Divide,East Cathychester,Minnesota,18364,-149.526074,-81.0637215"
"Monique Adams,63,82083 Wall Fort,North Margaretville,Rhode Island,94783,75.211071,-31.8391225"
"Mallory West,67,517 Debbie Rest,New Cassandra,Massachusetts,21623,174.890750,-72.840467"
"Tyler Crane,48,07541 Hernandez Trace Suite 121,Lake Sarah,Nevada,02750,117.122588,25.796891"
"James Clayton,38,95453 Johnson Squares,Hunterbury,Arizona,37867,5.585690,87.845315"
"Sherry Mcmahon,32,95926 Amy Canyon Apt. 063,Markport,Nebraska,69063,166.515420,-89.859225"
"Meredith Hernandez,71,9613 Peterson Islands Suite 362,Port Eugeneside,Minnesota,85319,-50.572672,47.1095405"
"William Lee,63,89358 Sean Shore,Port Thomas,Indiana,64854,32.317749,32.482971"
"Tammy Solis,47,0640 Tammy Forks,Jennifermouth,Kansas,39370,-40.310727,-0.220694"
"Christina Jackson,76,1438 Jennifer Flat Apt. 403,Laurabury,Virginia,55957,-2.873048,30.547719"
"Nicholas Griffin,48,644 Reyes Forge,Olsonview,North Carolina,55844,-176.061612,-20.2373735"
"Jason Conley,78,8187 Isabel Estates,Petersmouth,Virginia,29921,132.335903,-14.100898"
"Kelly Gonzalez,25,057 Larry Well,Martinhaven,Wisconsin,09263,-151.657897,37.2335055"
"Grace Gaines,79,262 Martinez Mill,Lake James,Florida,07204,-170.728357,9.9918315"
"Katherine Green,22,782 Carey Vista Suite 565,New Meredith,North Carolina,46751,65.084582,-88.2780955"
"Ann Miller,18,6032 Jennifer Knoll Suite 122,Alanport,Kansas,28149,-121.490400,-78.827509"
"Jeff Anderson MD,37,17949 Larson Lakes Apt. 395,Higginsmouth,Pennsylvania,32340,-37.851517,11.9133665"
"Patrick Campos,20,361 King Row Apt. 334,Campbellberg,North Dakota,49575,29.748422,11.246839"
"Samantha Jackson,62,9820 John River Apt. 670,Ericabury,New Mexico,04177,-152.807320,-89.5141345"
"Bernard Hall,51,17532 Nicole Crossing Suite 381,Diazport,Maine,89767,-116.193333,81.426866"
"Lisa Garcia,53,884 Kelly Burgs,North Melissaborough,South Carolina,81035,114.842965,48.060331"
"Elizabeth Cobb,61,733 Robertson Corner Apt. 220,Barkerview,Nevada,31136,-128.361434,42.125726"
"Felicia Ross,46,8996 Sherry Streets,New Kevin,Vermont,50153,-70.076331,-51.336025"
"Mitchell Crawford,30,6205 Mary Meadow Apt. 494,Johnstonberg,Washington,68827,-34.566140,-72.2811795"
"Michael Lambert,20,7273 Wilson River,New Charlesbury,Colorado,82760,-3.128055,-64.8359995"
"Eric Norman,39,60913 Reeves Ridge Apt. 359,Boltonfort,Iowa,15456,-97.477218,-61.3521185"
"Sandra Schmidt,70,0860 White Knolls,New Steven,Mississippi,76691,25.228576,-13.074207"
"Marc Doyle,19,9092 Brandon Flat,Port Danielbury,California,36259,96.645491,-25.6263605"
"Heather Valencia DVM,59,166 Rodriguez Pines,Davidsonville,Vermont,68273,-177.179592,20.3592935"
"Jennifer Cox,55,827 Fuller Shoals,Tinaport,Vermont,34564,68.064017,-84.511097"
"Terrence Lee,50,8639 Soto Roads,South Shaneville,Massachusetts,26710,-150.173866,-38.111439"
"Devin Murphy,78,5815 Troy Roads,New Michelleview,Idaho,01936,-81.966837,-86.1709245"
"Tamara Delgado,34,31936 Flores Gateway Suite 812,Tammybury,Oklahoma,19332,13.772524,85.9650385"
"Cory Rose,34,289 Lauren Loop Suite 330,Jaredside,Idaho,24258,116.689229,-59.689084"
"Louis Fuller,55,0078 Ibarra Pass,South Brandonberg,Indiana,16149,-56.467470,-43.0041005"
"Erin Bates,78,6270 Carpenter Plains,South Cindyville,Indiana,33368,40.141948,41.097716"
"Michael Francis,23,471 James Light Suite 655,Coleton,Alabama,18375,-158.356459,40.340816"
"Katelyn Morales,23,834 Adams Points,West Jonathon,Colorado,07229,87.273259,-33.006393"
"Adam Martin,40,7695 Natalie Courts,Kennethview,Oklahoma,35170,-94.163741,40.9010095"
"Cory Stafford,31,1951 Lisa Ramp Apt. 153,East Caitlin,Pennsylvania,45757,64.817693,69.2374745"
"Henry Blackwell,20,6525 Cynthia Cove,West Nicholas,Alaska,61075,-83.248505,-39.115051"
"James Stephens,31,9456 Hunter River Suite 812,Yeseniaburgh,Oregon,10451,-105.573832,-7.702925"
"Robert Cervantes,68,1150 Johnson Burg Apt. 535,Murphyport,Alaska,20928,-67.638233,-43.356219"
"Anthony Johnson,26,589 Riddle Run Suite 228,North Cherylchester,Nevada,14237,30.204073,89.660494"
"Thomas Stark,51,152 Allison Mountains,Port Amberhaven,Oregon,06417,-106.357390,78.161543"
"Kelly Washington,72,6555 Michelle Forges Apt. 585,South Amanda,Alaska,58768,-80.483135,-73.684193"
"Erik Kim,46,671 Stacey Street,North Jennifer,California,96043,-150.696837,19.951797"
"Bonnie White,75,52512 Williams Valleys Apt. 875,Port Deanbury,Louisiana,18725,40.518013,-44.7811815"
"Ellen Green,29,03746 Thomas Spring,Nancyton,Colorado,09320,-110.338848,-69.694530"
"Ronald Hayes,73,060 Adrian Throughway,Andersonmouth,Illinois,16918,-134.928990,-19.681084"
"Matthew Smith,26,7286 Maurice Vista,Elliottburgh,Alabama,99426,-111.246249,-19.304853"
"Heidi Patterson,35,8895 Hall Course,Garciachester,Montana,87459,132.875698,84.1245175"
"Angela Stephens,61,6741 Watkins Circle,Brownside,South Carolina,09744,113.164486,84.2715225"
"Renee Duarte,46,1373 Patel Mews Suite 841,Deborahside,Connecticut,13888,127.203781,47.8900185"
"Shannon Ramirez,67,942 Hamilton Freeway,South Andreatown,South Dakota,99554,146.759452,-43.544877"
"Clinton Olson,33,9168 Lindsey Overpass Apt. 369,Brookshaven,Louisiana,50685,-101.339784,-36.340357"
"Amanda Nguyen,76,452 Ross Club,New Summerhaven,Montana,35487,-107.082293,-12.027064"
"Garrett Clark,79,16935 James Key Suite 092,Davidtown,New Mexico,64040,15.932082,-72.590853"
"Elizabeth Williamson,77,61788 Sexton Glen Suite 670,West Steven,Ohio,74416,-71.411359,-16.5182035"
"Jesse Perez,56,851 Cruz Streets,Millerstad,Wyoming,63020,32.454613,-27.281381"
"Betty Smith,45,2383 Kevin Via,South Rhonda,New Mexico,34305,-123.023896,40.316004"
"Steve Wilson II,46,525 Whitney Fields Suite 850,New Jacob,Oregon,07370,92.358833,29.055853"
"Christopher Tyler,44,47604 Carter Crossroad,Millerland,Washington,09003,97.619285,-51.210007"
"Suzanne Sullivan,35,737 Shawn Trace Apt. 423,New Gregoryhaven,Massachusetts,47898,-38.716501,-68.4163025"
"Richard Bradshaw,43,19379 Joshua Estates Suite 962,Timothyport,Arkansas,17607,-59.925457,-44.2315055"
"Catherine Little,72,03728 Perez Squares,South Mariamouth,Nebraska,22393,2.444966,-47.529374"
"Mikayla Green,74,074 Paige Ports,East Matthewshire,New Jersey,57747,-86.977390,-42.2787535"
"Andrea Martinez,34,22917 Robert Mill,Wandastad,Connecticut,63844,171.479184,37.467495"
"Michelle Long,51,89606 Larsen Springs,North Jenniferstad,North Dakota,21535,-110.697399,12.8308075"
"Christine Hunter,61,489 Kevin Cliffs,East Geoffreyburgh,Maine,22406,-30.656538,-45.7878165"
"Brittany Li,37,750 Stephens Underpass,New Kevin,Utah,15568,48.493359,-59.3201855"
"Deborah Scott,56,604 Lisa Wells Suite 544,Hallfurt,California,32842,135.047920,-36.275957"
"Jason Todd,23,368 Mark Flat Suite 625,East Wendy,Mississippi,69335,-170.270110,-74.6250855"
"Eric Ashley,25,245 Barton Underpass Apt. 403,Lake Ruth,Washington,38632,-86.342373,46.8475315"
"Elizabeth Gonzales,39,2942 Harris Knolls Suite 551,South Johnland,South Carolina,18873,69.096933,76.6140715"
"Stephen Perez,61,4940 Mcguire Gateway,Port Cindyville,Wisconsin,32886,34.849612,-41.7575395"
"Nicholas Orozco,64,3917 Jackson Locks,Taylorville,Louisiana,90238,-104.592013,-1.610916"
"Stephanie Levine,23,328 Skinner Trace Suite 940,East Ericton,Colorado,37639,-137.280959,-3.060410"
"Jennifer Perez,50,45816 Joshua Curve,Wendyburgh,Delaware,89187,103.112855,-87.988419"
"Ian Gonzalez,61,506 Dennis Motorway,New Grantmouth,New Jersey,56876,127.729425,-55.1593425"
"Luis Ellison,53,5677 Andrew Isle Apt. 544,Anthonyport,South Carolina,33345,-11.592868,-23.227309"
"Keith Shields,41,7660 Amy Underpass Suite 821,West Danielfurt,Louisiana,88522,64.591194,-88.4792715"
"Angela Walsh,73,65698 Scott Path Apt. 044,Elizabethchester,Oregon,44729,-40.444058,69.519326"
"Francisco Lin,56,1760 Ferrell Inlet Suite 936,Brandonstad,Utah,50129,4.315448,-42.7259905"
"Anthony Ramirez,47,1935 Benton Overpass Apt. 388,Wendymouth,Washington,40582,-17.813473,32.3616085"
"Stephanie Choi,34,99500 Scott Burg Apt. 436,Lake Davidstad,Virginia,40014,72.846292,33.603584"
"Wesley Howard,58,8272 Julie Canyon,Lake Alexis,Arizona,01607,0.645600,-58.7935955"
"Ashley Fuentes,76,47266 Hernandez Ridges Suite 450,Courtneyborough,Hawaii,18205,-72.259633,-3.7503525"
"Cathy Davis,50,09435 Caldwell Parkway,South Dianastad,Delaware,65819,-24.736088,-74.7761415"
"Kiara Velasquez,49,5253 Martinez Shores Apt. 296,Connerstad,Montana,85186,113.372121,-57.6008695"
"Cynthia Valdez,34,6236 Alexis Ville,Port Amandaview,West Virginia,74008,59.081826,-57.9037865"
"Justin Yoder Jr.,20,3299 Martinez Pike,Nataliefurt,North Carolina,48490,-90.093853,-60.591862"
"Haley Reed,68,09262 Kevin Rapids,East Zacharyview,Utah,64549,-103.057711,38.660042"
"Walter Miller,52,26629 Heather Well Suite 428,Port James,Wyoming,96890,-49.743962,38.561934"
"Susan Garza,20,18655 Pittman Gateway,Tammyville,California,86886,111.621287,47.636792"
"Amanda Cook,24,01374 Wolfe Island Suite 072,Bensonport,Kentucky,53910,-45.809862,58.450580"
"Katrina Schultz,75,1792 Green Islands,Brettburgh,Ohio,69459,-143.765166,80.6281925"
"Justin Johnson,78,785 Hartman Rest,East Lisa,South Dakota,76838,-58.600059,57.593783"
"Jacob Ware,79,84650 Barry Shore,Vasquezburgh,West Virginia,07307,35.579875,-60.8045375"
"Samuel Bradley,59,35061 Roberta Expressway,East Meganhaven,Ohio,53543,157.994273,-26.4386625"
"Casey White,35,87098 Gallagher Bridge,South Karen,Oregon,90536,140.710201,-45.8969335"
"Andrew Walker,52,7651 Olson Fields,Kennethshire,Texas,01026,39.727393,31.7495285"
"Laura Stevens,48,3715 Hayes Dam Suite 836,South Seanmouth,Michigan,18001,-101.841990,-32.9086205"
"Vanessa West,24,23032 Jacob Pine,Lake Scott,Kentucky,72338,40.732334,70.872914"
"Rhonda Alvarez,58,84458 Phillips Island,New Catherine,New York,35842,61.117373,52.2616605"
"Patricia Miller,80,2855 Barber Forge Apt. 154,East William,Oregon,91674,78.233841,66.592969"
"Edward Cooper,77,8320 Roger Mews,Lake Dianaview,West Virginia,92546,-167.435365,-19.9718605"
"Christopher Washington,51,4277 Smith Mount,New Emmachester,Connecticut,49761,28.549440,48.989033"
"Eric Brown,30,8891 Oliver Drive Suite 329,South Meghan,Kansas,22753,-145.513898,32.1230785"
"Aaron Jones,29,2365 Nguyen Skyway,Jonathanfort,West Virginia,02642,-129.146412,-57.8749915"
"Mrs. Jo Young,21,1437 Terri Roads Suite 972,Mariaton,New Hampshire,86563,171.213547,-0.519503"
"Jeremy White,42,1095 Ryan Trafficway,Lake Christopher,California,85788,25.325952,66.487893"
"Laura Gibson,38,97108 Bennett Curve Apt. 836,Port Danielland,California,15288,47.675560,78.479988"
"Richard Lawson,45,842 Gregory Shores Apt. 391,Port Jamesside,Illinois,38462,-60.935119,-79.4002785"
"Alexis Salazar,80,58003 Aguilar Lane,Markton,Massachusetts,45858,36.399959,-18.265690"
"Andrew Parker,73,69204 Collins Gardens Apt. 014,Meganville,Florida,98777,-55.638814,20.9160675"
"Michael James,55,43374 Heather Trace Apt. 180,Allenton,Iowa,32680,94.034680,-40.635405"
"Mark Nguyen,28,404 Crystal Mews Apt. 570,Wrighttown,Louisiana,80452,-56.945900,-34.529869"
"Rebekah Malone,18,59243 Mark Shore,West Jacqueline,Iowa,65207,99.523337,84.3489655"
"Todd Zamora,68,857 Smith Mall,Melissafurt,Florida,73404,-147.192985,-55.0841495"
"Brian Scott,66,49628 Scott Gateway,New Charlesland,Massachusetts,38918,-131.121005,77.181891"
"Daniel Baker,66,682 Elizabeth Flats Apt. 185,Lake Dawnland,Connecticut,04517,51.124791,-18.291733"
"James Cobb,29,32317 Kenneth Route,North Derrickberg,Missouri,06299,-6.687971,76.850880"
"Cory Glenn,27,427 Hawkins Fall,West Ashleychester,Florida,18489,-111.466516,53.290538"
"Alexander Johnson,76,90065 Jordan Extensions Suite 737,Waltonfurt,Illinois,19726,-153.680429,56.328102"
"Jeffrey Quinn,70,22525 Paul Manor,West Williamhaven,Michigan,96006,-159.872876,71.502063"
"Joshua Reid,49,885 Amy Park,Davidsontown,Tennessee,44501,22.279958,-71.2640985"
"Amanda Ortiz,71,644 John Flats Apt. 334,South Megan,Connecticut,39568,-177.769834,-82.7326185"
"Alice Rush,76,786 Vicki Pike Suite 292,Andreamouth,Alabama,81553,40.401838,79.453992"
"Keith Thompson,44,66033 Maria Motorway Apt. 490,Coxbury,Virginia,87147,-151.481347,-28.810581"
"Heather Williams,31,94523 Mcdonald Burgs,New Robertside,New Jersey,67941,-49.741121,-52.873947"
"Brittany Wilson,61,856 Macdonald Crescent,Jessicabury,Oregon,49821,168.079815,22.943958"
"Mary Deleon,42,75504 Madison Walks Suite 407,Davidborough,Vermont,52877,39.932318,-24.6237655"
"Daniel Pope,58,799 Nicholas Junctions,Port Davidport,Delaware,07389,-24.751711,-80.727346"
"Frank Williams PhD,21,117 Baird Ports Suite 196,East Michael,Louisiana,30236,-32.883728,-35.6304515"
"Heather Bean,53,2865 Angela Fords Apt. 614,Lake Jenniferport,North Carolina,05937,140.213805,-88.284758"
"John Garcia,33,72811 Cooper Mountain Suite 872,South Charles,Illinois,98161,32.919260,-70.153409"
"Kelly Ramsey,58,92095 Brewer Green,South Johnberg,Florida,49949,-91.736340,64.008378"
"Logan Walls,48,49976 Estes Dale Apt. 232,South Daniel,Maine,33208,119.531187,-4.9455315"
"Renee Bailey,47,9577 Breanna Cove Suite 307,Brendanview,Oregon,19772,-38.695686,42.0872145"
"Julian King,20,8020 Bryan Neck,South Brian,Kansas,08184,111.555402,83.162452"
"Cody Williams,34,3452 Green Radial,Douglasberg,Georgia,91787,-132.335372,60.703086"
"Karen Murillo,55,31915 Joanna Passage Apt. 147,North Pamela,Indiana,20596,-35.499273,-51.0954185"
"Sean Skinner,65,095 Cynthia Port Apt. 465,Micheleshire,Hawaii,26156,-69.349945,-41.9668375"
"Stephen Rowe,46,155 Betty Well,Brucetown,Nevada,10430,-114.507617,21.597480"
"Eric Bullock,26,9937 Steven Green,Port Kathleen,Virginia,95222,-173.054325,-69.3042945"
"John Colon,27,180 Mccormick Well,Gabrielmouth,Oregon,68216,-29.779745,1.824404"
"Jessica Acosta,58,50842 Jones Spurs,East Maryfort,Vermont,09671,-4.234984,-75.977060"
"Carolyn Parks,18,2765 Jennifer Parkway Suite 535,East Brenda,South Dakota,97419,-15.381886,-81.214982"
"Eric Reed,76,324 Baker Brook,Danton,Florida,66734,25.247709,-20.1293615"
"Jenna Johnson,23,424 Amy Spur,West Michaelfort,Mississippi,55203,-168.037499,37.271064"
"Michael Wilson,56,83086 Allison Trail,Gloriamouth,Maine,59904,-73.777363,26.3039255"
"Phyllis Jensen,56,20724 Sherri Loop,Smallfort,Alabama,18976,-170.107102,-88.8854295"
"Haley Mora,66,8945 Shane Manor,West Jason,South Dakota,79066,178.870109,27.428002"
"John Graham,79,3949 Danielle Springs,North Robertborough,Louisiana,25007,-15.526859,-4.793753"
"Lauren Smith,66,3395 Smith Mission Apt. 223,Brandiside,Montana,72384,28.684132,15.914807"
"Lisa Lawrence,41,376 Wendy Mission Suite 725,Lake Juliahaven,Colorado,50722,-114.065172,-36.944842"
"April Smith,52,4738 Hamilton Springs,West Ashley,Oklahoma,79552,51.169896,54.7175295"
"Dawn Edwards,38,520 Amanda Ports Apt. 944,West Mariomouth,Florida,25845,156.933979,-66.044707"
"Julie Koch,60,076 Morales Points,South James,Massachusetts,13961,-26.109018,-42.469766"
"Marcus Rodriguez,72,8986 Walker Highway Suite 799,Port Rickyside,Wyoming,94825,50.926210,0.041367"
"Mark Curtis,57,59011 Drake Fords Suite 921,West Seth,Oklahoma,29158,52.794807,26.1673595"
"Tammy Cardenas,66,5380 Wallace Stream,Thompsonport,Missouri,50749,8.532291,19.043336"
"Curtis Sherman,60,37628 Dodson Brook,West Mary,Georgia,33710,-2.281040,81.393924"
"Laura Allen,34,989 Amanda Valley Apt. 284,New Johnberg,Maryland,38198,-31.186386,62.8458105"
"Marc Calderon,61,733 Mccarthy Circles Suite 505,South Kellymouth,Illinois,46448,165.942068,-77.7958255"
"Margaret Davies,43,26336 Jeffrey Spur Apt. 764,Atkinsmouth,West Virginia,89775,-81.102728,64.608967"
"Sarah Douglas,47,9699 Daniel Corner,Kiaraland,Arizona,49973,-156.700483,-72.536337"
"Lisa Miles,26,5626 Mark Tunnel,Robertsonville,Nevada,13977,61.657359,-4.7409285"
"Jennifer Gonzalez,72,8634 Caroline Motorway Apt. 540,North Christopher,Minnesota,45119,49.200333,-64.4341165"
"Dr. Diane Taylor,67,7969 Hall Expressway Apt. 550,South Dillon,Maine,26200,-103.562970,-43.410354"
"Elizabeth Carr,53,2358 Fuller Freeway Apt. 752,Lake Elizabeth,Massachusetts,88457,-76.917818,-74.2813755"
"Daniel Decker,42,082 Nathan Turnpike Suite 264,Lifort,Massachusetts,11518,-151.630191,86.528018"
"Frank Brennan,60,253 Rebecca Path,Lake Kylefurt,South Dakota,13582,78.535179,13.9037235"
"Heather Davis,36,0726 Anderson Islands,West Lucasfort,Maine,27896,12.265908,38.9085625"
"Benjamin Lowe,56,4730 Melissa Ridges,Matafurt,Arkansas,18162,112.834275,69.5652925"
"Jennifer Stewart,79,9040 Ortiz Pass Apt. 637,Frenchbury,Arizona,10013,-26.770995,-22.381790"
"Jennifer Johnson MD,52,6813 Moyer Crescent,Marieview,Maine,91368,-135.865568,80.900516"
"Jennifer York,30,47532 Hamilton Locks,South Savannahton,South Carolina,17186,-144.165450,-63.038987"
"April Dixon,42,0944 Julia Ramp Suite 202,West Sherry,Wyoming,16768,-131.597197,-2.772404"
"Justin Villegas,80,6515 Montes Forge Suite 039,New George,Missouri,85573,-17.636523,57.3684995"
"Thomas Hernandez,31,5760 Martin Bypass Apt. 712,Loganton,Minnesota,94007,43.499861,30.7019495"
"Elizabeth Williams,60,436 Sims Village Suite 061,Nancyton,Kentucky,85018,64.084885,-36.6713165"
"Denise Brown,59,335 Thomas Crescent Suite 808,Port Nancy,Georgia,57454,-153.872945,77.613929"
"Crystal Strickland,70,1802 Hill Lane,Wilkinsbury,New York,50897,-166.206109,-69.2828465"
"Christopher Forbes,76,29645 Corey Court,Wallschester,Massachusetts,23731,-103.495292,-89.7430275"
"Penny Long,57,11853 Gabriel Cliffs,Johnsonland,South Carolina,06847,-7.257253,68.4789175"
"Jennifer Smith,39,970 Peter Ports,South April,Rhode Island,64409,114.202830,22.4960865"
"Christian Mclean,29,433 Hobbs Views,Lake Jennifershire,Missouri,82107,-111.822696,-67.195352"
"Jonathan Myers,39,947 Audrey Light,West Colin,North Carolina,53159,100.947468,18.9480345"
"Sharon Adams,26,6001 Hughes Unions Suite 414,Port Anitaland,Ohio,19163,108.245273,80.955458"
"Ryan Henry,77,948 Santos Club Apt. 204,Jonesfort,Montana,22341,129.510866,-5.9955505"
"Brandi Jones,24,1727 Bailey Plaza,Tylerview,New York,26326,-89.685043,-8.5340605"
"Kathleen Jones,43,5566 Jones Locks Suite 742,Williamsstad,Montana,17723,-152.228141,-66.0887905"
"Jennifer Martinez,66,1884 Hannah Dam,New Jasontown,South Dakota,84503,171.765620,-48.071553"
"Rebecca Patterson,37,46086 William Courts Apt. 951,South Christy,Kansas,91385,0.564392,-51.0581825"
"Katrina Mosley,48,8601 Kathleen Lake Suite 324,Katiefurt,Alaska,96226,166.122301,51.8596685"
"Kristi Dixon,63,15566 Michael Club,Cindyside,Mississippi,16102,98.820862,21.406850"
"Nichole Spears,20,1245 Kenneth Square Apt. 721,New Heather,Oklahoma,26988,-10.660505,85.819828"
"Julia Cain,80,08924 James Point,Youngbury,Pennsylvania,60953,41.775690,57.452791"
"Christy Young,80,760 Jocelyn Inlet,Longshire,Massachusetts,19898,-66.153332,62.3063195"
"Tracey Parker,75,5366 Baker Trace Apt. 363,West Richardland,Alabama,67497,-77.052934,30.056706"
"Carlos Ashley,43,49420 Lewis Extension,Port Jamesstad,Kentucky,24240,9.461788,61.3519505"
"Christopher Young,53,871 Wendy Fall Apt. 452,Benjaminborough,Oklahoma,70302,-156.604074,-36.7872465"
"Angela Alexander DDS,51,3574 Jessica Park Apt. 958,Bernardburgh,South Carolina,81914,175.906274,-39.8370065"
"Katherine Cruz,76,92368 Horton Burgs Suite 027,Lisastad,Alabama,18933,124.078216,50.670142"
"Gregory Jackson,55,566 Reed Turnpike,Lake Aaron,Washington,18112,-126.581380,4.9339435"
"Rachel Anderson,22,08029 Brian Path Apt. 579,West Rhonda,Maine,44376,148.404594,13.559539"
"Mallory Mcmahon,33,4223 Andrea Way,Hursttown,Florida,01930,154.727077,54.904506"
"Jonathan Jordan,47,6284 Carney Locks,Port Kaylatown,Oklahoma,24046,53.978786,-55.8625925"
"Kevin Phillips,77,157 Mcclain Villages Apt. 617,Matthewview,Nevada,17921,29.315260,88.5240705"
"Lisa Jackson,38,5172 Jessica Turnpike,East Meganchester,Washington,00603,-35.328477,44.996573"
"Louis Alexander,57,58756 Amanda Row Suite 808,Jeffersonview,Nebraska,33787,-20.278041,77.560230"
"Bonnie Wood,34,059 Bryan Extension Apt. 705,Robertstad,New Hampshire,38866,141.072751,-76.888671"
"Sarah Adams,38,5420 Bridget Tunnel,South Johnberg,Connecticut,10225,83.417281,38.3457905"
"Vickie Morgan,56,58317 Rodriguez Mall,Johnsonton,Nebraska,04663,-21.164156,-85.2818205"
"Nathan Alexander,75,378 Wheeler Burg Apt. 326,Smithtown,Utah,97668,85.079981,47.1906425"
"Elizabeth Poole,62,39290 Lisa Dale Apt. 096,East Marychester,Rhode Island,64891,-106.086340,-44.802312"
"John Rodriguez,31,4837 Mary Haven Suite 751,Christyview,Indiana,24881,65.460253,75.442781"
"Dr. Megan Hayes,30,25451 Aguilar Extensions,North Tammyshire,Colorado,74699,12.705046,-77.5060705"
"John Wright,68,019 Frank Centers Suite 679,Port Rhondahaven,Arkansas,54831,66.808749,-26.1518665"
"Kevin Cobb,64,40708 Mason Greens Apt. 576,Jessicamouth,Kentucky,06104,130.985914,19.546426"
"Andrea Villegas,34,5199 Frederick Forest,North Robert,Rhode Island,31434,162.751866,-24.9021705"
"Laura Castillo,55,775 Hopkins Passage,East Brian,Minnesota,21081,-31.908943,59.894632"
"Mark Gibson,60,3216 Sandra Mews Suite 908,Doyleborough,New Hampshire,89355,119.081156,-28.6164815"
"Kelly Henderson,70,0576 Boone Plaza Apt. 289,Craigview,Michigan,45462,156.054799,-7.633614"
"Ryan Berg,55,92826 Gonzalez Ville Suite 080,Lake Jeffreyhaven,Florida,03116,85.408056,53.7018705"
"Robert May,61,9730 Edwards Dale Suite 640,New Sergiohaven,Montana,13828,82.536848,-18.4067995"
"Karen Norris,67,540 Donna Port,Masonstad,Nebraska,08264,101.806278,-28.8681085"
"Patrick Estrada,39,49662 Debbie Route,South Matthewhaven,Wisconsin,25940,113.674116,-10.079078"
"Andrew Spencer Jr.,25,91581 Mcdaniel Street,Bobbyfurt,North Dakota,02657,39.044606,-24.601063"
"Sean Gonzales,68,721 Martin Cliff,Priceton,Minnesota,17796,108.392602,20.623724"
"John Rios,62,700 Christopher Estates,Jacksonshire,Virginia,58244,-90.435890,18.2376165"
"Kelly Forbes,19,692 Ramos Points Suite 511,Ronaldfurt,North Carolina,81660,-0.220051,-60.7953665"
"Julie Becker,64,24248 Bruce Cape,Andersonmouth,Alabama,54117,96.582617,9.1924975"
"Eric Douglas,54,43940 Fields Trafficway Apt. 208,Dianemouth,Michigan,10557,-35.462506,50.410723"
"Jason Lewis,31,062 Danielle Creek,Loganborough,New York,55207,149.089548,-87.668973"
"Mrs. Ashley Bowers,53,71351 Amy Trail Apt. 238,New Luke,New Jersey,79139,-171.661507,-15.4360035"
"Shannon Lewis,32,497 Parrish Overpass,Jacobview,California,77540,-7.331016,23.371588"
"Susan Spears,49,99945 Ross Shores Suite 036,North Heathershire,Maryland,48839,-60.060551,71.004720"
"Barry Baker,36,2362 Oconnell Ports,East Jeremy,South Dakota,64427,-29.120245,-50.0179065"
"Samantha Cameron,41,21215 Williams Valley,South Joseph,Arizona,69528,64.207390,-42.707971"
"Mary Washington,19,41494 Jordan Walks,Bryanchester,Kansas,53063,111.775265,58.331965"
"Gary Berg,41,514 Steven Loaf,North Sharon,Mississippi,14643,-147.053161,24.1146385"
"Timothy Baxter,55,30526 Olivia Vista Apt. 433,New Keithshire,Kentucky,42766,-50.967025,-80.524855"
"Dominique Henderson,62,10278 Lonnie Village Apt. 907,West Sandra,Utah,54805,18.177642,-63.999675"
"Anita Phillips,32,545 Hart Tunnel Apt. 981,Thomasberg,Missouri,72749,102.337719,8.6838425"
"Cynthia Bailey,53,8757 Parker Dale,Hartbury,Alabama,45631,133.204560,36.940296"
"Eddie Munoz,56,93666 Holloway Gardens,South Timothyhaven,New Mexico,97095,146.192695,-32.2164165"
"Amanda Brown,23,3050 Tammy Underpass,North Jamiefurt,Arkansas,26135,-102.483510,-44.165547"
"Eric Matthews,35,086 Alison Estates Apt. 072,New Kevinton,Colorado,15212,-105.318777,2.189758"
"Marvin Coleman,22,05440 Fisher Cove,New Marissa,Delaware,82622,-51.510862,79.985899"
"Diana Owens,28,250 James Summit Apt. 351,East Danafurt,Kentucky,92448,156.795888,50.829926"
"April Ritter,29,6454 Christine Path,New Frederickville,Alaska,16957,36.533095,-5.7892755"
"Stanley Johnson,31,74819 Lee Parkways,Jenniferhaven,Maryland,56949,172.657508,-84.1898725"
"Leonard Medina,73,062 Daniel Harbors,East Fernando,Connecticut,53171,-14.660949,18.212204"
"Robert Meza,44,04823 Sheppard Streets Apt. 106,Martinberg,Nebraska,86147,-155.051380,-87.836644"
"William Vaughn,24,8566 Timothy Streets Apt. 831,North Sarahport,Florida,69930,177.151168,-47.352882"
"Susan Rowe,27,9658 Matthew Expressway Suite 604,Margaretville,California,67927,-16.093774,83.3933095"
"Miguel Taylor,53,46563 Justin Shores Suite 846,East Nathanielborough,Idaho,06987,-156.122371,-88.264066"
"Richard Dean,19,884 Moody Trace Suite 853,West Yvonnebury,Hawaii,21128,-54.323646,-13.809079"
"Carolyn Harris,68,6045 Yolanda Islands Apt. 892,Hernandezmouth,Ohio,27749,-91.340921,28.9384085"
"Elizabeth Matthews,70,19067 Roberson Circle,South Alexander,Ohio,35565,15.327692,66.092288"
"Austin Wilson,52,0610 Jennifer Club Apt. 329,Clarkville,Missouri,05147,-104.093675,13.2913745"
"Stacy Lester,39,446 Lang Passage,New Tanya,Oklahoma,51497,78.248727,42.9618255"
"Erik Aguilar,64,296 Daniel Throughway,Stephaniehaven,Oklahoma,44049,45.274241,-22.506662"
"Jacqueline Huang,45,7699 Eric Unions Apt. 869,New Debbie,New York,29244,-47.973416,68.566997"
"John Mckenzie,51,949 Allen Stravenue,North Brianmouth,New Jersey,27571,60.819867,39.727311"
"Lisa Chapman,25,085 Sullivan Path,West Edward,Rhode Island,30670,80.192836,20.290059"
"Anthony Smith,36,603 Dustin Path Apt. 833,Port Justinshire,Nebraska,94969,-75.805102,-37.250469"
"Laura David,72,77788 Allison Mill,New Philip,Georgia,37998,-108.403527,-30.509892"
"Nancy Figueroa,20,755 Cameron Ramp,Lake Lisamouth,Minnesota,51151,-48.210726,-20.237960"
"Wayne Frazier,41,57748 Carlos Islands Apt. 091,South Corey,Idaho,57850,167.784634,-66.6270175"
"Brent Torres,69,7055 Olivia Lodge,Lake Courtney,Kentucky,30200,61.546824,28.698674"
"Anna Pena,77,35082 Strong Walks,South Michael,Tennessee,56602,-41.590563,66.597696"
"Lisa Salas,26,3444 Powell Crescent Apt. 485,New David,Washington,73074,-29.773680,27.160580"
"Rebecca Hayden,32,585 Morgan Stravenue,Deannaburgh,Pennsylvania,72392,94.887342,-8.487295"
"Leah Reed,68,7666 Beasley Cape,Jessicaland,Montana,46925,-83.845133,-82.489459"
"Kevin Harris,65,32710 Kelly Landing,Jenniferbury,Wisconsin,90311,49.136682,-79.7800365"
"William Clark,79,2741 Tommy Divide,New Crystal,New Hampshire,10569,-95.820343,49.0605345"
"Mary Ramsey,39,2051 Carmen Drive,New Lindseyside,Ohio,60482,-44.239514,88.6335875"
"Robert Hill,62,758 Joshua Points Suite 424,Kimberlyton,Nebraska,53169,152.570075,74.037868"
"Morgan Montoya,63,437 Amber Stravenue,Wigginsfort,West Virginia,07381,116.257580,17.4725395"
"Elizabeth Murphy,71,1509 Nathaniel River Apt. 936,Kempburgh,Tennessee,06488,106.315714,1.454893"
"Rita Cruz,67,5761 Amanda Plains,Davidland,Nevada,72043,-58.727190,74.691100"
"Kelsey Rowe,27,232 Jeffrey Walk Suite 064,Masseymouth,New York,89715,-149.710720,-60.4448465"
"Jacqueline Thomas,38,596 Ross Vista,Michaelview,New Hampshire,49150,-24.492972,28.0213385"
"Anthony Baker,73,2173 Steven Course,Port Cheyenne,Arkansas,75392,-13.344513,40.1850625"
"Rhonda Gonzalez,68,915 Owen Views,Ronaldtown,Alaska,06825,-146.446686,50.6012795"
"Virginia Franco,65,663 Lewis Terrace Suite 285,Jennifertown,Virginia,96593,-27.595360,13.192072"
"Rebecca Walker,41,054 Porter Prairie Apt. 457,Hughesside,South Dakota,07154,-2.179921,-67.354715"
"Andrew Ferguson,65,7146 Michelle Fall Suite 657,Lake Paulmouth,Alaska,68518,115.644089,38.5150505"
"Monica Freeman,33,84935 Kristina Coves,South Angela,Missouri,52768,-48.817660,-83.4982095"
"Lisa Jones,48,481 Katherine Locks,Jenniferport,Wyoming,96916,88.851245,74.369557"
"Destiny Davenport,59,701 Guerra Drive,Leonardtown,Wisconsin,20829,167.023127,40.713431"
"Matthew Frost MD,26,704 Harris Points,Jamesport,Missouri,44044,164.483152,73.822482"
"Dakota Brooks,38,238 Martinez Center,New Danielbury,Missouri,83327,80.145247,-53.370323"
"Mark Perez,68,8415 Myers Haven,Port Nichole,Nevada,30326,-4.855044,-70.430897"
"David Murphy MD,64,778 Tiffany Drive,Estradachester,New Hampshire,86851,109.094289,-86.8107865"
"Cheryl Murphy,36,81210 Soto Rest,Russellview,Arkansas,98836,142.309015,35.978308"
"Shawn Harrison,68,47593 Warren Lights,Rachelshire,Oklahoma,21231,33.920237,-87.730267"
"Amy Fisher,23,12327 Williamson Ford,Lake Christyside,North Carolina,49594,78.001007,-72.109716"
"Russell Lopez,31,6247 Weber Freeway,Lake Maria,Ohio,03368,32.902679,-15.9481145"
"Diamond Phillips,18,19713 Jackson Lakes Suite 997,West Tammyside,Louisiana,50782,-9.352748,44.367990"
"Robert Hart,55,9603 Smith Lodge Apt. 427,East Kristenport,Nebraska,27071,132.359998,89.4748035"
"Wesley Franklin,34,518 Jeff Drive Apt. 562,Schmidttown,New Mexico,13892,-6.419257,-56.0289935"
"Christine Parker,28,4851 John Mall Apt. 788,Reeseberg,Oklahoma,52060,16.170838,-5.9376945"
"Janet Marshall,27,7292 Taylor Valley Suite 124,West Rebecca,Alaska,62227,26.666136,71.8266245"
"Amy Bauer,55,14911 Brown Stream Suite 482,Dylanview,Utah,84927,-146.652695,-56.6740745"
"Lisa Jones,35,95917 Jessica Orchard,East Justinbury,South Carolina,43975,44.995713,-86.208990"
"Alex Bell,65,4599 Schaefer Mall Suite 843,Lewisshire,Oregon,84235,-1.731540,-35.8409615"
"Susan Serrano,31,8675 Robinson Trace,New Kelly,Arizona,59042,178.263587,-65.6239145"
"James Houston,65,0767 Donna Mountain Suite 995,West Michele,Delaware,69298,-140.114201,-43.198562"
"Christopher Day,36,73752 Townsend Ramp Apt. 882,Stephaniechester,Indiana,88881,138.094887,-38.4836585"
"Charlotte Whitaker,33,791 Zachary Path Apt. 673,New Stephanie,New Mexico,33551,-179.609209,-74.752604"
"Megan Gomez,75,5985 James Orchard Suite 283,Penachester,Minnesota,45092,168.217190,87.005595"
"Damon Dudley,53,405 Rodriguez Glens Apt. 933,South Carol,Alabama,61422,133.589772,38.2622565"
"Kathryn Chapman,36,27537 Francis Shoal,New Jennifer,Oregon,26416,123.975109,83.988458"
"Jeremy Hanna,72,521 Elliott Square,West Brianchester,New Jersey,48102,69.881322,-65.2023655"
"Daniel Stanley,57,61079 Moore Islands Suite 097,Phillipchester,Virginia,54182,164.423164,29.196073"
"Michael Prince,40,69012 Palmer Burgs Apt. 304,South Tracy,Michigan,25111,-174.112959,4.990665"
"Heidi House,62,140 Randy Ports,North Lisahaven,Rhode Island,41200,-87.037504,-31.755164"
"Kimberly Hill,55,3682 Richardson Burg,Moralesstad,Rhode Island,88000,-123.058767,38.9322715"
"Mr. Travis Johnson,68,83666 Weaver Vista Apt. 970,Christyland,Alabama,93618,133.661863,-28.332078"
"Ashley Carter,52,887 Sosa Via Apt. 492,Lake Chad,California,87478,-47.575693,1.8663715"
"William Lambert,76,5758 Mcgee River Suite 644,West Robertmouth,Arkansas,79198,90.888539,6.438613"
"Barbara Lambert,58,79591 Guzman Plains,South Kathleen,Minnesota,57160,-105.559359,-83.316777"
"Dr. Shane Rivera,30,532 Brandi Harbors,Lake Angel,Ohio,48501,-176.503570,26.782381"
"Meredith Osborn,22,7778 Patel Pike,Lloydburgh,Washington,28074,49.943517,-70.424199"
"Lisa Dillon,19,5868 Sherman Run Apt. 940,Shannontown,Missouri,64138,-49.091985,-79.0730065"
"Heather Walter,25,01189 Duarte Highway Suite 199,Parksside,Mississippi,16495,-92.983537,24.6418585"
"Sean Carlson,56,299 Williams Oval,Micheleview,Tennessee,19487,92.757251,40.682916"
"Paul Donaldson,62,493 Marcus Port Apt. 339,Lake Sheilabury,South Dakota,41784,150.088317,-27.518528"
"James Perry,78,241 Scott Brooks Suite 636,Rebeccashire,Missouri,50950,115.667846,28.5751285"
"Barbara Rose,65,266 Andrew Station Suite 431,Shellymouth,Utah,48610,-136.923150,43.1077055"
"Julie Moore,19,469 Brooks Ville Apt. 434,Robinsonview,Texas,96121,155.121848,-31.7260225"
"Melissa Parks,56,815 Suzanne Plaza,Chamberstown,Tennessee,91109,54.344463,-72.5730305"
"Christopher Mcgrath,67,57237 Shari Glen Apt. 818,Phillipsbury,Washington,19101,-117.833348,37.157600"
"Julie Johnson,69,690 Alexandria Wall,Mendozatown,Pennsylvania,47735,-36.219799,48.480804"
"Ann Nelson,30,07613 Victoria Ranch,Cruzbury,Illinois,97857,-82.572550,80.593817"
"Latoya Kerr,42,4065 Brady Crossroad,Glennton,Alaska,89216,17.358304,58.031659"
"Alicia Miller,34,99487 Dale Inlet,Deniseport,Florida,90240,-152.803960,-58.340049"
"Steven Cook,65,138 Robert Circle,Hayesburgh,Massachusetts,05256,135.129634,-30.2460405"
"Kyle Cobb,36,73806 Katrina Hills Suite 456,East Taylor,Hawaii,59786,145.766508,83.9034405"
"Sean Woodard,65,451 Janet Ville Suite 023,Port Williammouth,Ohio,51880,21.441627,6.3493115"
"Krista Horton DVM,40,571 Allison Summit,Jayton,New York,99464,-167.779160,20.8182135"
"Jason Stevenson,35,137 Chandler Shore,Sandraport,Ohio,23433,-45.547764,-45.8098665"
"Eugene Adams,28,9618 Ashley Green Suite 098,Myersville,Oklahoma,43456,112.556054,-18.929891"
"Tracy Holland,40,84781 Kathleen Wells Suite 299,Wheelerburgh,Oklahoma,05667,138.095979,44.841118"
"Tammy Davis,27,0479 Jerome Mountain,East Carolyn,New Jersey,18662,93.376576,-4.512175"
"Brandy Brown,53,589 Wright Avenue Suite 172,Port Nicholeshire,Georgia,19827,-23.368962,69.2007705"
"Jennifer Contreras,67,9593 Joseph Walk Apt. 824,Port Jennyberg,Maryland,02559,21.287278,27.2744075"
"Mitchell Brown,72,153 Lambert Ridges,Lake Katherineberg,Oklahoma,56794,-29.416523,-86.873594"
"Mark Contreras,57,8717 Gonzalez Dam Suite 732,North Karenville,Mississippi,88408,-7.129396,-31.2907345"
"Matthew Ruiz,41,319 Larson Rue Suite 607,Connieburgh,Montana,91930,118.090230,-81.889114"
"Michelle Boone,31,2492 Allen Tunnel,Sherryfort,Massachusetts,42263,74.875696,75.891411"
"Stephen Harrison,23,922 Kevin Oval Apt. 034,Coffeyshire,Michigan,98233,-87.407932,66.287739"
"Elizabeth Holt,28,58859 Melinda Shoals,East Carlbury,New Mexico,37903,36.565689,60.8198515"
"Matthew Smith,38,2754 Rodriguez Brooks Suite 936,South Jessicamouth,South Carolina,83338,-137.736431,68.220538"
"Edward Murray,64,57988 Vargas Falls Apt. 529,South Jeffrey,Michigan,40790,18.173733,-19.2474295"
"Kurt Smith,55,2581 John Green,Glenfort,Arkansas,76286,42.273481,-40.027397"
"Chad Payne,27,816 Thomas Dam,Aprilmouth,Montana,10453,61.911050,-51.3918675"
"Stephanie Schroeder,60,47639 Nicholson Ville Apt. 463,West Andrew,Arkansas,49298,116.234263,85.9242655"
"Alexis Anderson,76,518 Richard Overpass,Webbfort,Hawaii,65211,-56.607165,88.6573005"
"Richard Zamora,54,6093 Richard Crossing,North Joshua,Kansas,42595,-57.806824,63.4075685"
"Emily Hubbard,65,6574 Donna Court Apt. 269,South Noahport,Ohio,26052,71.739773,83.7968185"
"Denise Dixon,70,770 Katherine Flat,Port Chloeborough,Ohio,47431,-137.427296,75.841726"
"Ashley Williams,43,0142 Victor Center,Johnsonview,Iowa,37865,-53.986255,78.5321525"
"Angel Phelps,24,965 Mcdaniel Green,Port Shawnburgh,Hawaii,82917,29.437193,86.8556035"
"Wendy Mitchell,46,7079 David Coves Apt. 838,Christopherhaven,Tennessee,41353,-151.145919,-75.3451635"
"Stephen Hunt,50,20138 Julia Rapids Apt. 517,Elizabethburgh,Kentucky,90312,-99.828737,-35.234980"
"Rebecca Morgan,67,340 Schneider Roads,New Aaronhaven,Missouri,78775,-106.429050,62.234126"
"Christopher Miller,76,447 Rodriguez Hill,Wrightburgh,Maine,43914,111.686585,-13.2087645"
"Ann Munoz,57,846 Smith Ways Apt. 872,South Bradley,Texas,32978,48.798899,55.938764"
"Laurie Reid,61,234 Dana Key Apt. 028,Haysport,Ohio,71303,-5.085524,22.176636"
"Keith Figueroa,42,1685 Fletcher Burg,New Holly,Connecticut,12051,65.223007,-75.5767145"
"Nicole Roberson,57,9018 Heather Junctions Suite 963,South Jeremy,Kentucky,10942,-134.858505,67.444656"
"Amy Collins,61,1177 Brent Park,Aprilborough,Nebraska,80476,16.917347,-65.2518575"
"Brian Ramirez,52,528 Thompson Ferry Suite 238,New Lindseyport,Massachusetts,85667,155.724272,-34.134981"
"Keith Irwin,47,621 Williams Knoll,East John,Maryland,99220,-95.769925,80.917624"
"Carmen Stone,44,79229 Strong Ridges,South Sara,Louisiana,77088,-61.123042,-12.7786015"
"Bethany Wilson,38,86057 Floyd Spurs,East Nicole,Idaho,15934,111.671557,84.9222255"
"Kevin Delgado,58,441 Molina Ferry Suite 051,Tannermouth,Mississippi,77650,103.710460,-18.872799"
"Haley Moore,47,92930 French Freeway Suite 149,Sydneyton,Wisconsin,35751,126.145471,-41.0841255"
"Alisha Evans,51,2843 Gina Causeway Suite 319,Justinfort,Utah,99212,75.742507,-15.554347"
"Christy Lane,24,1447 Ray Ports,Lake Joseph,Nebraska,55890,50.685717,-5.5341215"
"Michael Watson,22,672 Jennifer Ports,Harmonburgh,Kentucky,60089,-32.261718,66.0540745"
"Luke Johnson,68,821 Lopez Pass,Port Michelle,Illinois,85085,-123.164424,-0.0591705"
"Karl Trujillo,22,6977 Jennifer Locks,New Nicolasfort,California,93735,-48.474051,64.6290405"
"Carl Stanley MD,74,08913 Wu Rue,Ericton,Indiana,51597,56.287700,-60.246695"
"Jessica Mason,66,8654 Thomas Tunnel Suite 842,North Davidtown,Wisconsin,20726,-91.328555,72.361138"
"Ashley Romero,36,8090 Matthew Pines Apt. 719,North Charles,Indiana,77211,-86.734553,-2.963761"
"Lauren Cruz,50,57381 Morales Circles,South Victoria,West Virginia,47308,-60.794552,-75.198246"
"Robin Case,67,8324 Matthew Village Apt. 720,East Ashley,South Dakota,98751,155.033895,62.6491715"
"Melissa Kent,35,6980 Washington Key,Elizabethburgh,Virginia,43581,-133.571888,53.645063"
"Anthony Lynn,64,62317 Green Corners,Duranborough,Iowa,35946,123.707311,38.6341175"
"Jonathan Barton,65,5313 Glenn Wells Suite 444,Hardyfurt,Missouri,34699,-4.991877,6.167622"
"John Smith,46,52548 Carter Parkways,South Jamieside,Nevada,55234,-112.591807,-52.5850675"
"Cathy Bowen PhD,32,8677 Lewis Hill Suite 694,Port Kimberly,Texas,00798,-25.133045,4.543058"
"Jamie Long,64,33677 Garza Avenue Suite 219,Cohenbury,Wyoming,62843,-149.791269,-27.916376"
"Aaron Casey,32,7627 Tammy Squares Apt. 785,Lake Mark,Mississippi,40271,111.578684,-40.316655"
"Cheryl Phillips,19,204 Perez Fields,Zunigaburgh,Maine,60907,-172.445671,34.663609"
"Valerie Roberts,76,173 Timothy Extension Suite 196,Olsonview,Washington,97045,172.287883,-49.9882725"
"Linda Obrien,54,240 Mitchell Ferry Apt. 825,Kingview,Connecticut,79659,-132.474939,-33.492953"
"Mrs. Heather Buck,61,6973 Shelby Ville,Duffyview,South Carolina,56762,148.291340,23.206033"
"Lindsey Martinez,27,068 Jones Mountains Apt. 802,Karenburgh,Alabama,64402,-102.929632,40.734717"
"Jeffrey Arellano,77,858 Sally Creek Apt. 232,Lake Thomas,West Virginia,05250,-139.466180,-74.836189"
"Kelly Clark,23,488 Richardson Key,Lake Melindamouth,New Mexico,00659,-133.410777,-24.5454435"
"Lisa Davis MD,27,1595 Carter Trafficway Suite 497,North Jorgemouth,Hawaii,10399,54.005086,-71.9487385"
"Stephanie Maldonado,55,660 Christopher Spur,Brandonland,Alaska,05342,43.957428,-16.937893"
"Derek Bernard,22,26775 Thompson Circle,Christinamouth,Louisiana,22681,104.467565,60.9838845"
"Pamela Reeves,48,47605 Luke Forest,New Natasha,Missouri,47719,-28.088245,17.553945"
"William Hill,20,7577 Gonzalez River Suite 890,East Samanthafurt,Alabama,13090,136.622105,34.722687"
"Jeremiah Edwards,53,9865 Steven Highway,Port Holly,Ohio,13494,164.736345,47.1285385"
"Joseph Ramirez,66,85088 King Route Apt. 707,Clarencemouth,California,18650,-178.607148,-13.005256"
"Richard Mayo,60,3688 Nicole Islands Apt. 260,South Jonathan,Hawaii,36077,54.721261,18.9528585"
"Ellen Key,55,19401 Turner Manors,South Ginaport,Louisiana,65131,-34.487199,-15.8929975"
"Kim Oconnor,80,3352 Gina Walks Suite 383,Charlesstad,New Jersey,68559,-95.199919,-28.857986"
"David Jones,58,608 Jessica Springs Apt. 506,Alejandrofurt,California,65453,79.351373,9.489584"
"Jeffrey Goodwin,47,3892 Jones Lane Suite 649,Lake Kylemouth,Alabama,13080,-79.920748,-3.820077"
"Michael Martin,28,500 John Orchard,Vargasville,West Virginia,09796,111.513200,-30.6370635"
"Juan Miller,63,6817 Lyons Track,Jonesburgh,Washington,90614,-91.370628,-0.7347505"
"Jacob Berry,76,75396 Amber Estate Suite 593,Hannahburgh,Florida,80790,76.877445,73.4092455"
"Heather Cardenas,53,27193 Ramirez Rapids Suite 375,Lake Jasonfort,Nebraska,11589,127.285537,-69.4580745"
"Mark Wilson,18,5088 Gary Centers Suite 840,Tracymouth,Mississippi,76756,-78.909644,-52.1693075"
"Chase Lopez,22,227 Chambers Ramp,South Jodiport,Delaware,82989,-107.031926,8.763327"
"Kimberly Parker,61,00826 Jill Loop,Conleybury,Oregon,31429,78.855271,58.7988735"
"Michael Sanchez,66,18177 Madeline Road Apt. 084,Port Gabriellemouth,Arkansas,07688,-31.572529,1.921454"
"William Estrada,35,390 Justin Manor Suite 891,North Tracyhaven,Tennessee,30982,-110.123695,-33.555061"
"Holly Mann,69,541 Erika Point,West Davidborough,West Virginia,03584,-106.143093,-68.5155475"
"Brendan Branch,53,7421 Christy Ferry,New Anaside,Washington,79238,133.494730,51.7960805"
"Jasmine Richardson,18,537 Carlos Station Apt. 273,Monicabury,Vermont,90097,-20.111086,82.217756"
"Jack Adams,29,55421 Jessica Meadow,Taylorburgh,Mississippi,40782,-31.589212,-81.371033"
"Kelsey Baker,50,9565 Diana Summit Apt. 578,Lake Jamesview,Nebraska,47523,78.331216,11.3392455"
"Adam Mack,27,7599 Rose Spur,Randallton,New Jersey,09686,-13.373680,64.0995435"
"Stephanie Pierce,24,965 Carla Ford,Lake Stephanieview,South Carolina,39859,176.315677,-84.477082"
"Brian Waters,40,12719 Anderson Rue,West Shane,Oregon,30861,85.541998,67.3119055"
"Isaac Ward,18,025 Weiss Isle Apt. 979,Miguelville,Iowa,47644,-100.043416,-87.7129565"
"Nancy Wood,72,9563 Dixon Loop Suite 012,Port Derrickland,New Hampshire,55545,105.843494,60.5637125"
"Joel Lee,79,81469 Lori Overpass Apt. 256,New Catherine,Oregon,84656,124.353186,63.6782405"
"Ashley Luna,48,4053 Williams Fort Suite 632,Jessicachester,Nevada,85334,-69.061618,-9.328310"
"Alexis Sherman,66,55294 James Villages,Melissaton,Wyoming,01754,15.550826,-43.869124"
"Julie Romero,30,804 Bradley Cape Apt. 383,Adamsmouth,Montana,65583,143.071971,-85.3799285"
"Laura Matthews,20,592 Amy Villages,Thompsonville,Wyoming,33439,-48.733743,54.952939"
"Tanya Brooks,50,2065 Roth Fields,North Bianca,Rhode Island,70352,-148.966463,-67.028905"
"Ryan Martinez,52,0710 Benjamin View,North Lindamouth,Colorado,76006,82.472691,23.9748165"
"Sean Long,35,3882 Brandi Inlet,New Scott,Indiana,34128,5.380416,39.1767305"
"Justin Burch,22,81153 Estrada Drive,West Amanda,North Carolina,52273,52.272365,-45.9343915"
"Patricia Perez,66,4590 Newman Forges,Georgeshire,Louisiana,62258,24.225017,-23.544097"
"Brianna Marshall DDS,54,27863 Donald Route Apt. 254,West Jeremy,Alaska,53383,167.729557,55.683418"
"Jason Melendez,64,7073 May Unions,Willishaven,Florida,48531,-22.307501,-66.762636"
"William Dyer,58,9213 Martinez Isle,East Michael,Idaho,91404,-8.732554,11.556648"
"Linda Gomez,29,10747 Padilla Station,East Walter,Virginia,16104,31.017299,65.4909475"
"Christopher Jones,31,919 Davis Plaza,Dianaville,Nevada,20854,-41.959722,-25.791106"
"Anna Martinez,36,620 Coleman Walks,Shieldsfurt,North Dakota,01660,-105.064568,-21.1026235"
"Regina Vaughan,33,6973 Lindsey Vista Apt. 621,Makaylamouth,Minnesota,33763,70.899137,-84.4723775"
"Alicia Bell,72,715 Rodriguez Shores Apt. 530,East Danielbury,Kentucky,31314,55.207704,-74.676230"
"Donald Bryant,35,223 Taylor Trail,New Christopher,Oregon,66961,49.470693,-61.3917085"
"Samantha Hughes,67,44519 Adam Knolls Apt. 021,Brennanshire,Massachusetts,27916,167.459192,76.319044"
"Christopher Russo,76,19498 Ashley Isle,North Christina,New York,54586,-126.522278,-63.703563"
"Barbara Collins,68,2467 Dixon Plains Apt. 130,Grayside,Utah,53231,-41.586719,82.293932"
"Megan Carter,44,76369 Samantha Shoal Suite 093,Nicholasstad,Missouri,75879,151.817235,-0.3670555"
"Scott Mcconnell,44,780 Donald Crossroad,Donaldberg,New York,12207,158.533952,30.832236"
"Debra Lucero,23,13609 Bennett Bridge Suite 933,Katiefort,Kentucky,22539,-109.933200,-38.007872"
"Brian Ray,60,209 Cook Shoals Apt. 087,New Kevin,Georgia,61504,-66.861174,-19.595054"
"Nathan Scott,55,0947 Richardson Inlet Suite 050,Dunnport,Minnesota,90487,175.408417,-12.1753335"
"Mrs. Ashley Fitzgerald DDS,75,7159 James Fork,Lake Danielle,Michigan,54510,116.533713,-2.6606415"
"Ryan Lang,63,7089 Katherine Field,Lewismouth,Colorado,45800,132.126570,54.3901295"
"Sara Carpenter,31,75426 Chambers Creek,Caldwellshire,Kentucky,45821,-30.275114,-34.864645"
"Christopher Padilla,28,9401 Robert Place Apt. 216,Rodriguezberg,Louisiana,66762,-7.010788,-21.426091"
"Nicole Aguilar,77,04894 Cruz Light,Owenmouth,Tennessee,26798,-19.497380,49.2690755"
"David Nelson,29,48526 Sarah Lodge,Jonathanchester,Delaware,66106,133.373635,-13.1253875"
"Latoya Galloway,67,3668 Debra Branch Suite 094,Stonemouth,Louisiana,84859,141.473973,53.864509"
"Emily Gates,31,9850 Lauren Streets,Owenchester,Nebraska,60634,127.008181,-53.1632425"
"Vanessa Nolan,63,59846 Nathaniel Mall Apt. 728,North Richard,New Jersey,99909,-48.723998,3.894137"
"Jonathan Smith,37,74912 Patrick Vista,East Charles,New Hampshire,48479,-149.855206,-79.120846"
"Dr. Amanda Garrett,59,1319 Jeanette Port,Port Bruce,Idaho,40783,145.775117,19.050183"
"Julie Anderson,80,5864 Katelyn Plain Suite 228,Lake Jamesstad,Pennsylvania,64965,-130.105488,52.396079"
"Michael Skinner,24,390 Snyder Meadows Apt. 723,Russelltown,Tennessee,05543,88.350103,-20.2705565"
"Gary Parker,44,782 Leah Points,Mcbridefort,Iowa,58351,-135.202932,-25.4792275"
"John Vance,21,06604 Brewer Shoal,West Seanburgh,Washington,35067,-175.802209,48.107835"
"Elizabeth Griffith,72,88133 Patton Plain Suite 212,Port Christopherfort,Indiana,21226,-65.744562,76.0282265"
"Christopher Webb,23,5658 Edwards Creek,Rossview,Mississippi,40675,-98.481086,60.698803"
"Amber Forbes,22,4394 Barrera Locks,North Patricia,Hawaii,77231,88.539449,-74.203166"
"Jessica Rojas,78,622 Lisa Crossing,Patelmouth,Rhode Island,56538,168.541650,61.5675815"
"Julie Schroeder,31,99244 Matthew Ferry,Courtneychester,South Dakota,51315,58.097750,72.2118365"
"Steven Mckinney,63,44588 Walker Summit,Stephensport,South Dakota,11886,-154.656082,-14.611727"
"Heather Adams,47,49334 Henry Brooks Suite 438,Jenniferton,Arizona,53641,-111.548877,-43.363410"
"Kevin Sutton,79,2681 Mercado Mill,Lake Zachary,Alabama,12443,-149.928871,-77.696667"
"Sandra Nichols,74,93922 Velazquez Terrace,Lake Kristen,Oklahoma,08892,-119.004174,42.1592245"
"Cody Mckinney,39,956 Lance Key Apt. 275,New Raymond,California,44556,124.790359,52.2177695"
"Roy Campbell,34,729 Forbes Burgs Apt. 832,Port Lisabury,Idaho,23666,80.640586,40.7984065"
"Tony Jackson,73,160 Brown Forges Suite 266,Colleenland,Georgia,05193,164.155939,-57.1749385"
"Jonathan Mcdonald,70,00276 Ochoa Forge Suite 801,Michaelport,Kentucky,64066,-20.502108,56.134696"
"Katrina Mcfarland,47,8196 Brown Harbors Suite 949,Smithville,Illinois,59201,-60.131701,15.9060425"
"Tony Smith,18,090 Adkins Lodge Suite 193,North Amandaton,Delaware,77293,76.653813,4.222360"
"Dennis Mason,53,1765 Davis Loaf Apt. 182,Yatesfurt,California,46192,-121.875559,30.177680"
"Eric Wise,79,5017 Ellis Fort Apt. 367,South Johnborough,Maine,46843,-134.908950,-32.7494555"
"Angela Harvey,59,09663 Stone Mill Suite 093,New Johnview,Iowa,05905,54.323073,-48.4100895"
"Ernest Hull,71,76008 Villegas Ridges,West Gregorymouth,Michigan,59073,-123.424683,-8.192777"
"Diana Brock,48,2970 Lamb Lake Suite 140,Tiffanyborough,Connecticut,66474,26.091618,-2.294861"
"Robin Montes,67,6452 Raymond Cliffs,Port Catherine,Nevada,04210,22.550452,65.296163"
"Mark Wright,74,662 Jillian Course,Kimberlyborough,Montana,87044,54.513792,56.766572"
"Rodney Martinez,22,43009 Rachael Extensions Suite 035,West Jeffreyshire,New Mexico,60773,-152.172133,17.9707285"
"Brittney Williams,64,3814 Huff Courts Apt. 429,New Jeremy,Michigan,79179,-36.030315,45.354616"
"Kari Lee,51,9840 Clark Loaf,Mooreville,Arizona,17354,30.274102,68.483479"
"Edgar Spencer,74,480 Vazquez Valleys,Fisherburgh,California,43698,-26.102052,12.965928"
"Sandra Drake,69,7674 Maxwell Port,Jonathanshire,Minnesota,11379,95.507928,6.702734"
"Jeffery Mccormick,32,89643 Mary Center Apt. 172,Parkermouth,Minnesota,25334,2.442686,-66.6131255"
"Dan Roberts,71,18897 Jill Extension Suite 090,Terrymouth,Georgia,67975,-64.760879,86.664798"
"Denise Myers,39,3251 Trevino Shoal Apt. 795,Caseybury,Maine,92689,-26.217278,63.5432565"
"Adam Barnes,65,28099 Amy Meadows Suite 138,Port Sarahbury,Massachusetts,23692,-72.135762,-13.2420055"
"William Ballard,44,4701 Christopher Motorway,North Jillton,New York,63408,-89.604734,33.5966805"
"Becky Le,48,2063 Hunter Shores,West Amanda,Mississippi,57045,-128.233553,-88.1751795"
"Nicholas Miller,46,83033 Williams Spur Apt. 333,Williamsborough,Arizona,53241,152.466104,-73.560485"
"Emily Burns,57,564 Jennifer Fort,New Katherine,Minnesota,77252,-150.936676,37.5660275"
"Frances Lopez,59,43169 Davis Village,East Colleenshire,Maryland,79362,-80.989371,-76.385329"
"Suzanne Hess,65,1111 Manning Forges Suite 518,Gonzalezland,Massachusetts,25257,-141.478423,-12.376166"
"Scott Garner,75,27004 Timothy Parkway Apt. 122,Port Francis,Montana,14093,156.208844,-85.5350825"
"Micheal Nguyen,31,527 Hickman Square,Lake Mason,Massachusetts,12694,-3.064550,-37.4506685"
"Deborah Berry,46,5216 Acosta Prairie,Griffithfurt,Hawaii,48998,88.271422,71.2143425"
"Ryan Kirk,66,79659 Allison Village,Perezmouth,Montana,55114,172.049511,44.3153615"
"Dana Walker,25,342 Lopez Square Apt. 903,Natalieburgh,Missouri,16484,168.258048,-85.579663"
"Diana Cooper,48,9188 Gillespie Springs,Katherinemouth,Connecticut,39748,55.507288,-78.242247"
"Linda Rogers,80,851 Judy Parkways Suite 533,South Nathaniel,Kansas,28628,-121.632800,39.6770255"
"Cheryl Woods,44,287 Gonzalez Lane,New Aaron,Vermont,13324,15.720480,-29.214469"
"Kristen Nash,35,7589 Ronald Lodge Apt. 917,Munozburgh,Ohio,56892,0.860691,4.301237"
"Jessica Harris,51,2070 Sanchez Freeway Apt. 355,Saundersmouth,Minnesota,50021,178.885025,83.0414125"
"Kelsey Brooks,43,26337 Chad Ford,Patricialand,Rhode Island,30772,39.905394,38.1491655"
"Haley Lee,77,0280 Noah Inlet,West Stacyhaven,Kansas,52855,107.740063,-69.5444735"
"Jason Barnes,29,93501 Shelton Prairie Apt. 111,Smalltown,New Jersey,74685,-177.890154,-10.0132245"
"Amber Harris,28,299 Michael Orchard Suite 064,Henrytown,Ohio,70383,-108.863008,89.7081835"
"Russell Ball,25,883 Karen Parks,West Brittany,Vermont,39706,-24.699011,3.524923"
"Debra Kelly,65,479 Barker Forest,New Catherine,Massachusetts,52817,-15.232045,13.4176025"
"Kenneth Murillo,42,585 Jamie Center Suite 354,Matthewshire,Hawaii,62384,-118.768003,-24.8583045"
"Ronald Rice,56,16676 Cathy Forest Suite 514,Lake Adrian,Arkansas,75571,123.557318,48.3059785"
"Jessica Carter,21,304 Deborah Grove Suite 228,West Amyview,Indiana,09764,49.879771,-22.3936285"
"Christopher Stevens,22,4563 Porter Crossing,Brittanyport,Texas,50547,-43.427686,29.185162"
"Laura Willis,44,80404 Megan Wall Apt. 537,Clarkmouth,Rhode Island,53324,-127.866981,-55.528303"
"Ricky Wyatt,80,71396 Silva Corner,Barryborough,Wyoming,06051,-42.758943,66.5477195"
"Thomas Lawson,49,54311 Benjamin Fields,Vasquezfurt,Wisconsin,23727,-101.114233,-30.323157"
"Joy Randall,36,9417 Marie Stravenue,North Thomasmouth,Minnesota,25154,-42.107307,48.992675"
"Jason Davidson,20,489 Jasmine Orchard Suite 601,Matthewport,Mississippi,97684,157.637755,-16.930013"
"Louis Price,80,3817 Monroe Prairie,North Joseph,Arkansas,54711,119.203178,-25.7424645"
"Brian Thomas,46,31385 Nicholas Freeway Suite 529,Wardbury,Kentucky,05833,-18.367704,13.6160495"
"Tracy Anderson,61,024 Caldwell Plain,Port Ericchester,Kentucky,42688,-156.007607,-11.6772885"
"Lisa Rivera,18,6774 Smith Ferry Apt. 631,Port Christopher,Arizona,94517,114.004763,-7.2230375"
"Diane Schwartz,26,19493 Jennifer Cove Suite 667,Ashleyhaven,Kentucky,70662,-99.873874,-88.527434"
"Deborah Walsh,29,0276 Keith Prairie,Singletonside,Nebraska,51940,135.805490,-46.419421"
"Heidi Gutierrez,38,79670 Curtis Village Suite 900,Mcconnellland,Connecticut,14643,-42.005794,75.5658165"
"Cheryl Ramirez,54,558 Gutierrez Unions,Taylortown,Michigan,71097,-64.720539,65.9157255"
"Derek Johnson,35,48297 Owens Terrace,Richardhaven,New Mexico,02562,55.058460,50.431307"
"Ronald Brewer,18,93900 Sherry Vista,Leeberg,North Carolina,20576,40.962147,-31.712736"
"Cynthia Gonzalez,24,5791 Brittany Via,West Kathleenport,Alaska,22342,-52.806239,72.7972465"
"Ryan Christian,78,843 Tracy Roads Suite 932,Smithtown,Oregon,79006,111.894827,-50.6443195"
"Terry Hall MD,27,609 Castro Lights Apt. 907,Jesseshire,Mississippi,46648,157.644624,-31.1438015"
"Derek Reed,25,481 Dixon Ridge,Huffmanmouth,Virginia,93682,23.846305,-41.486928"
"David Oconnell,19,5321 Robert Fall Suite 301,New Tamara,Hawaii,61055,49.129246,-3.9553705"
"Margaret Miller,56,52273 Kelley Turnpike,North Jeffrey,North Carolina,97684,123.414002,-34.715109"
"Brandon Palmer,59,44769 Dyer Tunnel Apt. 305,Robinsonville,Florida,70817,-8.867949,69.2571325"
"Timothy Martinez,64,17807 Huang Square Apt. 108,Lake Maurice,Vermont,80466,82.775917,-77.095664"
"Janet Austin,63,040 Peggy Divide Suite 202,Smithport,Rhode Island,38051,17.736901,1.020903"
"James Herring,75,00730 Cindy Point,Perezberg,Vermont,30747,36.223341,49.590170"
"Debra Anderson,69,0763 Charles Bypass Suite 022,North Zacharytown,Virginia,52377,170.183284,52.970890"
"Isabella Weaver,35,685 Rivera Underpass,North Garytown,Washington,13527,58.820050,45.3995405"
"Cynthia Johnson,80,42961 Mary Plaza,Lake Amyfort,Illinois,35714,-144.793231,-16.0198085"
"Jason Luna,49,67976 Wilson Club Apt. 835,Jennifermouth,North Dakota,08226,-133.442594,-17.7478075"
"Jeff Jackson,80,32994 Rosales Estates,Nicholasmouth,Wisconsin,39187,-92.993004,-46.637740"
"Cynthia Gillespie,55,835 Gibson Point,Josephport,Alabama,22273,-174.839335,23.8127635"
"Aaron Roberts,77,99671 Hernandez Lights,Evansburgh,Missouri,53806,-45.576069,-27.346119"
"Brandon Hawkins,37,90060 Sierra Creek,Turnerhaven,West Virginia,93380,-7.013278,23.606495"
"Christopher Johnson,50,5636 Nathan Mountain Apt. 000,Karafurt,Iowa,70515,-107.748202,-39.300092"
"Benjamin Thompson,70,23838 Matthew Greens,East Rodneyborough,Florida,35959,-51.494312,30.7056975"
"Joshua Brewer MD,75,014 Dodson Junction,Port Lisaburgh,Washington,09978,-108.372363,-72.6044345"
"Michael Townsend,75,661 Larry Locks,South Margaret,Hawaii,27573,103.355283,-24.193715"
"Jacob Hill,23,3750 Taylor Valley,Lauraburgh,New York,00798,43.856851,20.472384"
"Steven Blake,69,0363 Mueller Creek,Kennedybury,Oklahoma,01149,173.221970,59.1612955"
"Timothy Hoover,20,4088 Christine Valleys,South Gregoryshire,West Virginia,17342,5.247221,-28.193011"
"Taylor Hudson,35,5372 Lynch Camp,Cooperstad,Ohio,11087,-36.622514,2.4459635"
"Nichole Hart,49,8993 Warner Manor,South Catherine,Nevada,97324,10.696921,83.242716"
"Anthony Holt,43,079 Williams Ranch Suite 894,Markmouth,New Mexico,20067,-64.617207,8.7787485"
"William May,71,5392 Kelly Fords,Gardnershire,South Dakota,78406,52.408585,38.376494"
"Joyce Sullivan,31,40294 Carson Rapids Suite 930,New Leslieton,Kansas,81575,121.286812,-25.942306"
"Joseph Best,54,040 Christian Via Apt. 726,Jeffreymouth,Georgia,21636,-106.782806,48.712006"
"Jacob Wise,31,5943 Bradley Mission Suite 013,Melissamouth,Georgia,67446,96.344346,-71.8820215"
"Joann Pena,76,0044 Kimberly Vista,East Danielfort,Arizona,84868,-102.590848,-21.7452065"
"Brianna Coleman,80,317 Eric Path Suite 024,North Loriside,South Carolina,22709,129.370129,55.4095695"
"Dylan Mccoy,40,551 Sharon Shore,Murphyfurt,Florida,34765,13.703056,21.867790"
"Joseph Mcdowell,37,594 Stanley Groves Apt. 288,North Lisa,Kansas,54275,-139.563781,-84.8513395"
"Sarah Shannon,58,9084 Romero Fords Suite 761,Hopkinstown,Minnesota,16628,170.832263,-76.894852"
"Sarah Ward,24,1131 John Crescent,North Brian,Illinois,54168,114.044971,-38.107425"
"Shannon Gibson,71,071 Diane Rapid,North Andrewberg,Minnesota,07735,22.842496,27.820045"
"Victor Cox,77,07585 Richard Mountains,West George,Illinois,18557,111.861146,68.849282"
"Philip Cox,60,657 Darryl Road Suite 676,Walterport,Kentucky,20628,-21.243464,-16.294680"
"Glenda Erickson,80,00426 David Route Suite 612,North Dawnview,Colorado,94204,-156.608506,-60.632080"
"Angela Fernandez,47,919 Bennett Place,North Madisonview,Indiana,95757,-1.140748,-45.1732685"
"Jason Hamilton,73,28382 Wendy Parkways Apt. 643,Cruzfort,Tennessee,33924,6.801729,-83.6846315"
"Kevin Allen,59,9530 Brown Plaza,Gonzalezbury,Alaska,01534,89.901896,44.027232"
"Jonathan Hartman,31,88033 Jackson Parkway Apt. 193,West Amy,Maryland,78574,-1.998401,21.8678095"
"Pamela Holder,62,988 Holder Harbor Suite 760,Figueroaside,New Hampshire,62749,-134.427269,14.907362"
"Shelby Webster,60,88710 Betty Plains,Lake Michael,New Jersey,93961,139.872958,-39.595123"
"Sherri Peterson,56,126 Owens Dale Suite 540,Port Jason,Oregon,67260,-4.571681,-68.6102985"
"Brandon Combs,74,0588 Michael Lodge,Williamburgh,Idaho,59167,-166.023629,64.6366475"
"Jonathan Hanna,47,954 Allison Streets,Vanessaport,West Virginia,91106,-132.917130,47.496414"
"Angel Medina,49,634 Kevin Summit,South Joe,Connecticut,25366,-71.100512,9.194297"
"Sean Lopez,56,3128 John Rapids,Jeffreybury,Mississippi,84028,142.420609,-4.833120"
"Leslie Thompson,38,69281 Hancock Ridge Apt. 772,Garyview,Massachusetts,85560,149.620817,-21.6234365"
"Daniel Fitzgerald,26,6692 Riley Rapid Apt. 262,Lambertmouth,Oregon,86530,64.715178,27.6678285"
"Lisa Stevens,45,0317 Valerie Plain Apt. 850,South Angela,Ohio,00716,7.513890,77.4430185"
"Amber Wright,77,3487 Whitney Corners Apt. 998,Sarafurt,Idaho,90047,-172.709546,30.8586415"
"Susan Williams,28,0600 Smith Ranch Suite 133,Yorkside,Wisconsin,27905,-69.176281,70.0029595"
"Alexander Fuentes,30,413 Ariel Walk Suite 441,South Christophershire,Michigan,23489,-131.022340,-69.4647755"
"Anthony Kirby,78,77541 Laura Brook Apt. 345,East Daniel,Massachusetts,74993,152.879162,59.0286885"
"Marcus Howell,68,367 Alex Points Suite 229,Abigailville,New York,80877,-36.162370,34.765738"
"Jillian Hartman,24,85670 Washington Ferry Apt. 567,Lake Angela,Illinois,44193,-158.352784,-84.541418"
"Tyler Sanders,47,45042 Kenneth Mount,West Cynthia,California,72370,40.125516,28.8372035"
"Rachel Holmes,49,5977 Ramos Overpass Suite 341,Scottchester,Arizona,40294,-179.960193,40.0067805"
"Theresa Wood,65,51712 Courtney Club,North Christinamouth,Indiana,53105,173.685002,-54.1203115"
"Nicole Nielsen,69,0122 Scott Islands Apt. 004,Johnton,Maryland,95475,64.182402,14.5026915"
"Jerry Bell,78,4222 Stephen Forest,Wheelerport,North Carolina,25091,-134.678639,-85.811427"
"Jason Rodriguez,59,0208 Perkins Heights,Franciscomouth,Rhode Island,63261,35.261137,86.814987"
"Andrea Hayes,58,70916 Beverly Trail Apt. 740,South Jacobmouth,Tennessee,17320,70.263473,63.993380"
"Ryan Carey,43,7897 Cindy Mills Suite 761,Jamesstad,Oklahoma,60873,104.359177,-34.937149"
"Jerry Sanchez,48,999 Abbott Brooks Suite 555,New Debra,Pennsylvania,01417,-15.230562,-68.0618465"
"Kelly Nguyen,70,6214 Morrison Shoals,Phillipsberg,Mississippi,19796,138.537874,-71.155997"
"Gina Schwartz,27,2217 Lee Station Apt. 063,Patrickport,Florida,29262,46.209912,12.866821"
"Jeffrey Brewer,66,1267 Evans Estates Apt. 968,North Johnstad,Alaska,48006,56.643768,40.469936"
"Susan Fletcher,79,5892 Miller Coves,Seanton,Alaska,93633,118.921029,-73.628821"
"Elizabeth Miller,78,10338 Diaz Mountain Apt. 799,Caldwellview,Florida,89490,179.866834,18.4360825"
"Amber Brooks,77,7062 Brenda Mountains Apt. 240,Ronaldton,Texas,51682,1.685451,14.958756"
"Ashley Joseph,24,692 Allen Oval Apt. 000,Vazqueztown,South Carolina,55498,124.848853,62.793804"
"Jason Hartman,39,559 Daniel Way,North Brandiborough,Delaware,73714,-86.989872,46.728865"
"Sandra Jacobson,20,673 Stevens Avenue,Sherriview,Arkansas,24522,-137.794228,-31.0637435"
"Angela Becker,72,98636 Hansen Orchard Suite 873,Patrickchester,South Carolina,16258,117.810073,-42.732064"
"Jonathan Dickson,41,897 Anderson Prairie,South Adamchester,Virginia,70881,95.639225,66.954486"
"Diane Wilson,40,4603 Alison Mission,Port Zachary,North Dakota,04677,147.685191,33.2207215"
"William Pruitt,33,31641 Raymond River,North Andrewberg,New Hampshire,56233,67.727054,-61.670254"
"Yolanda Cervantes,49,38299 Carlos Mills Suite 130,West Jeremy,Montana,24073,-63.836502,86.271473"
"Adrian Davis,24,8010 Morales Vista,Mckayland,Kentucky,93874,-106.104876,-88.759573"
"Elizabeth Marshall,78,49305 Pham Lane,East Jasonshire,Washington,68056,81.237522,20.6552045"
"Jeremy Sanders,55,60335 Robinson Stream Suite 225,South Brianfurt,New York,22154,-125.180219,-26.4533805"
"Christina Benjamin,69,0354 Fitzpatrick Viaduct,Jarviston,Virginia,85931,-91.680827,29.6118135"
"Eric Chavez,29,4947 Melissa Run Apt. 427,New Joann,Maine,33969,56.390232,-38.919759"
"Rachael Hancock,36,3744 Peter Ramp Suite 423,New Sallyton,Pennsylvania,64438,67.012438,-75.580974"
"Amanda Carter,48,2869 Williams Way Suite 840,Port Jeffrey,Arkansas,35118,-122.971788,44.094293"
"Melinda Wilson,47,331 Waters Cliff,Cindymouth,Wyoming,48805,-34.668790,-67.9088365"
"Jessica Mullins,18,728 Horn Tunnel Apt. 751,East Angelamouth,Nevada,53418,153.802359,11.569124"
"John Weeks DDS,65,770 Jones Fall,Malonechester,Arizona,39127,-137.059474,12.3405545"
"Tina Cabrera,50,144 Turner Plain,Angelaside,Maine,05091,97.794116,-2.743482"
"Sarah Odom,29,609 Melissa Estate,Andersonfurt,Kentucky,62486,60.523982,5.6488605"
"Juan Jones,61,9655 Pierce Views,Port Brianashire,Mississippi,24234,2.087976,-12.494897"
"Andrew Brown,76,74852 Paul Greens Apt. 039,Estradaberg,Oregon,32333,123.875736,2.0849685"
"Seth Duncan,55,5279 Jones Center,Port Amandaberg,South Dakota,75366,-110.466408,-6.949841"
"Lindsay Barrett,35,9376 Taylor Roads Suite 322,New Brenda,South Carolina,78519,1.992856,-76.559077"
"Renee Rogers,68,671 Williams Mill,West Nicole,New Jersey,83536,-100.431191,-13.566425"
"Jack Webster,23,762 Travis Spurs Apt. 131,Brianfurt,Hawaii,85884,54.407152,58.4098435"
"Jonathan Mcmahon,66,0416 Jenna Lake Apt. 874,Fryeborough,Illinois,99527,-155.866984,51.577612"
"Zachary Lewis,49,727 Mary Pines Suite 377,Lake Emilyport,Oklahoma,32202,-148.137311,-46.010143"
"John Rodriguez,35,52633 Smith Crossroad Suite 734,Lake Robertfort,Florida,58281,16.331756,21.437600"
"Amy Knight,46,2623 Andrew Loop,Lake Kyleville,Connecticut,87529,-112.877927,18.394125"
"Jeremy Tucker,22,9717 Rasmussen Village,West John,Alaska,19851,-82.864801,63.478308"
"Frederick Stewart,55,74295 Nicole Viaduct,Connieville,Minnesota,92339,170.809505,31.186886"
"Joe Henderson,76,4668 Jennifer Circles,New Courtney,Louisiana,76825,-28.850859,-28.8298605"
"Christopher Burton,74,0326 Tammy Rue,Christopherfort,Georgia,24003,164.590264,31.038026"
"Aaron Richardson,74,5896 Tiffany Throughway Apt. 793,Thomasburgh,Florida,18987,97.223213,57.1216295"
"Scott Benson,72,276 Simmons Lights Suite 193,Aprilchester,Washington,87309,168.284956,-89.4997625"
"Mrs. Jennifer Washington,79,16858 Charles Plain Apt. 786,Danielport,New York,22472,-6.228846,22.7602015"
"Jesse Torres,29,94451 Gabriel Mountains,South Susan,Indiana,60264,128.009050,-41.8145335"
"Daniel Green,77,45298 Morrison Glen Suite 337,Christopherbury,New York,09846,85.914076,86.263511"
"Nancy Clark,20,067 Conrad View,South James,Montana,94970,20.539604,74.346510"
"Rebecca Long,39,13128 Bryant Groves Suite 580,Morrowbury,Nebraska,72980,74.313884,-54.4821545"
"William Juarez,66,6796 Lisa Extensions,West Jeffrey,California,12836,-22.105113,31.403929"
"Leslie Salazar,38,4513 Chavez Corner,Howardshire,South Dakota,01049,-87.499941,61.1270355"
"Terry Beck,29,4194 Adam Radial,South Vanessastad,Louisiana,58974,113.066727,-70.1635945"
"Sherry Lucas,60,6043 Amber Union Suite 728,North Shawn,Alabama,54765,-94.277400,6.2207785"
"David Key,64,6522 Samuel Road,Adrianmouth,North Dakota,60404,29.639706,-50.6874485"
"Meagan Glover,54,184 Andrea Burg Apt. 273,East Michelle,Kansas,46213,23.090019,71.7489225"
"Pamela Clark,79,86221 Kim Lodge,East Anthony,Kentucky,20701,-165.410466,-57.4273085"
"Justin Singleton,49,56414 Robert Springs,Lake Michaelfurt,Indiana,58792,32.895091,46.3240625"
"Albert Smith,39,945 Morgan Extensions Apt. 239,Matthewport,Arkansas,60504,-30.065428,-36.234910"
"Steven Smith,44,634 Taylor Fort,East Jeremyton,West Virginia,36187,138.281361,25.6287955"
"Nicole Jones,29,669 Moore Mission Suite 382,Port Mirandaport,Washington,98133,-138.791392,71.982306"
"Anthony Myers,79,57555 Mary Pines,Gallagherfort,Illinois,43762,162.837655,-71.179481"
"Spencer Garcia,31,0905 Karen Crossroad Suite 848,Aarontown,Utah,38422,155.170355,58.098500"
"Allen Johnson,70,8241 Matthews Bypass Suite 107,Hawkinsland,Alaska,18490,125.568120,-32.7263935"
"Robert Trujillo,42,35080 Marcus Mills,Hermanhaven,Indiana,99231,-60.712449,71.442643"
"Elizabeth Adkins,50,437 Aguilar Estates,Raymondmouth,New Mexico,94582,21.704310,-80.733263"
"Katherine Harris MD,18,72011 Mccarthy Spring,Jillfort,North Dakota,64301,-177.797793,-13.883226"
"Brent Grimes,57,4902 Jonathan Islands Apt. 212,Lake Robinville,Connecticut,95844,-0.434280,-35.812075"
"Jeanette Maldonado,34,548 Gonzalez Square,Smithchester,Washington,44488,-113.894149,5.4600185"
"Danny Porter,42,58164 Williams Loaf Suite 915,Port Sara,Idaho,07257,167.348470,-87.0745095"
"Chad Diaz,38,434 Brown Courts Apt. 031,Lake Brookeview,Michigan,53671,95.046677,-45.214876"
"Melissa Reyes,33,5289 Monique Rue,Desireetown,Wisconsin,71765,-82.384232,51.392937"
"James Lozano,49,48613 Yoder Centers Apt. 935,Lake Nicole,Arkansas,60689,145.152949,73.9949835"
"Brittany Ochoa,44,127 Mario Ford Suite 591,New Carolview,North Carolina,06603,177.044694,55.854294"
"Sean Vaughan,65,4091 Porter Unions Suite 469,New Jessicaview,Colorado,02471,101.109674,7.512026"
"Kyle Ellis,76,2119 House Cliffs Apt. 218,Teresatown,Ohio,52946,33.917552,-43.167843"
"Lauren Chambers,46,26183 Johnson Bypass Suite 269,Kimberlychester,Delaware,39930,11.557542,16.086318"
"Jeffrey Braun,80,572 David Oval Apt. 806,Jenniferton,Colorado,92494,-4.035476,-0.764672"
"Scott Carroll,54,333 Boyle Alley Suite 026,Colemanfort,West Virginia,58940,-164.183709,75.551076"
"Hector Vance,20,723 Jones Bypass,Lake Jeff,Nevada,85063,-100.270804,78.0724645"
"Anthony Gross,61,57534 Margaret Manor Apt. 038,South William,Ohio,26334,120.010177,-53.542614"
"Michael Turner,77,55567 Walton Island,East Ashleytown,Minnesota,88660,-10.875627,9.211059"
"Angela Bennett,27,35257 Melendez Trail Apt. 238,South Jillberg,Delaware,95734,112.867342,-40.282882"
"Sheryl Rivera,56,89366 Randy Village Suite 406,North Cameron,Maine,79315,168.295143,30.7014505"
"Miss Heather Hernandez DVM,64,3390 Trevor Ridges,Russoburgh,Michigan,87345,-53.985925,21.484463"
"Shelley Snow,38,22316 Lyons Square,New Anthony,South Dakota,93000,63.951978,-41.680961"
"Matthew Coleman,80,274 Thornton Lakes Apt. 974,Lisafurt,Massachusetts,17470,122.663276,45.837051"
"Leroy Shaffer,19,82112 Maddox Walk Apt. 609,Coreyhaven,Colorado,06223,-147.036427,-29.481020"
"Brian Conley,69,6088 Walton Circles Apt. 244,Lake Ryan,Washington,42136,26.191703,82.4781455"
"Danielle Mckay,76,9839 Mullins Vista Apt. 907,New Gregory,North Dakota,21444,96.370373,-37.979199"
"Bradley Fry,41,98943 Matthew Harbors Suite 115,North Barbaraton,Delaware,71530,109.176774,48.4368095"
"Stephen Carter,78,208 Wiley Parks Suite 294,Alexisfurt,South Dakota,88482,36.722704,31.771575"
"Bryan Jenkins,69,49812 Tammy Stravenue Apt. 299,Johnsonland,Nebraska,88732,117.731374,-49.3826975"
"Katherine Anthony,71,094 John Estate Apt. 728,Port Chadhaven,Alaska,10330,-20.893690,28.434804"
"Katherine Hopkins,54,35493 Kelley Greens Apt. 622,Tylerland,Ohio,58320,-24.761291,43.0733135"
"Richard Carter,48,8308 Sarah Land,Sherrybury,Massachusetts,61132,22.387153,-62.348487"
"Kristy Serrano,76,78287 Judy Expressway Apt. 635,Sarahhaven,West Virginia,37615,-40.744022,83.1937775"
"Michael Day,51,8261 Doyle Manor Suite 565,Williamport,Louisiana,80754,-10.091332,-38.934962"
"Albert Mejia,43,6217 Alvarado Dale Apt. 789,Christopherstad,New York,88306,119.519678,88.6783595"
"Melissa Green,21,17884 Griffin Tunnel Suite 695,East Lisa,Maine,87662,31.767995,5.969713"
"Andrew Hull,74,33789 Miller Trail Apt. 404,Mannborough,Kansas,99571,178.688625,-4.3936035"
"Ryan Young,19,7233 Nichole Squares Apt. 148,Chavezbury,New Jersey,50897,-118.392998,46.516608"
"Christopher Hernandez,34,9564 Zimmerman Roads Apt. 293,Reevesborough,Kansas,92915,52.749383,71.321933"
"Crystal Richardson,26,2248 Andrew Isle,New Andrew,Delaware,23830,31.065023,-30.0077495"
"Alexander Martin,47,68958 Zachary Cape,Hodgesberg,Nevada,26201,160.779762,-89.5215275"
"Brooke Ruiz,35,07708 Martin Manors Suite 961,Marthaport,Hawaii,58417,-165.184685,5.6557035"
"Michael Farley,26,7268 Michael Fields,Salazarfurt,Ohio,90522,-151.906180,30.0562485"
"Samantha Barber,71,596 Baxter Estates,Duncanmouth,Arizona,45266,-153.872488,82.9611925"
"Amy Brennan,22,7383 Nichols Underpass Apt. 182,Ninaport,Virginia,48831,-41.111903,32.391217"
"Nicole Robles,28,185 Bell Meadow,Hillton,Oregon,58393,-117.778916,-25.513640"
"Alexander Banks,41,26394 Lauren Groves,West Pamela,Mississippi,19553,15.557574,-27.260311"
"Julia Cobb,23,001 Kristen Prairie,North Danielburgh,New York,57868,-71.341781,-7.4357205"
"Kayla Kelley,60,06789 Kimberly Plain,Port Cory,Alaska,05899,-61.071218,-75.4359505"
"Timothy Meyer,75,63854 Logan Manors,Stoutside,California,44660,-30.249523,14.553769"
"Joshua Chang,56,8262 Thompson Manor Apt. 680,Lake Christopher,Alaska,15235,-28.036717,55.9277465"
"Jacqueline Walker,37,803 Hughes Extensions,Amandachester,South Carolina,14116,12.672745,-78.279445"
"Michelle Moss,54,381 Frank Drive,Murphyfurt,New Mexico,63957,95.900783,-14.110886"
"Melanie Bowen,79,285 Tonya Causeway,Karenmouth,Idaho,25507,-150.336040,39.9423255"
"Whitney Roberts,78,4402 Sierra Ways,East Feliciastad,Alabama,66648,-117.721705,26.725108"
"Ryan Howard,33,224 Andrea Terrace,South Patrick,New York,57462,-7.856931,33.6037985"
"David Sherman,50,3844 Thomas Roads Apt. 045,North Steven,Iowa,48508,-124.381774,80.019558"
"James Graham,25,0791 Martin Island Apt. 664,Danielhaven,Mississippi,57924,65.869787,-47.002364"
"Sheryl Baldwin,56,375 Danielle Trail,Carlastad,North Carolina,20285,170.442181,-9.550787"
"Robert Park,35,735 Jackson Pines,Port Charleneberg,South Carolina,82494,-110.190757,-43.018644"
"Ryan Williams,59,4825 Evans Street Suite 472,South William,Minnesota,79669,-175.073900,48.413619"
"Alexander Johnson,53,61240 Morgan Brooks Apt. 967,Whiteton,Alaska,49460,117.873095,-52.3237215"
"Cynthia Cruz,68,412 Benson Ramp,Stanleybury,North Dakota,82813,-171.008063,80.910129"
"Michele Smith,36,97223 Garcia Springs Suite 840,Lake Courtney,Hawaii,92689,161.095704,-76.1267555"
"Adam Conway,47,84754 Brown Mountains,Darrenfort,Hawaii,23188,101.518420,35.2116185"
"Bradley Sanchez,40,7689 Lucas Ports,Whiteport,South Dakota,81112,-92.194752,23.1489685"
"Seth Bender,36,322 Berry Ville,Smithmouth,North Carolina,82170,-115.004050,81.610169"
"Andrew Robinson,49,0179 Eduardo Rest,Leeland,Maine,66502,64.213856,-75.882379"
"David Banks,75,342 Melinda Junctions,Scottshire,California,60021,-39.733467,84.5373515"
"Stephen Bright,52,9961 Lucas Villages,South Elizabeth,Michigan,90530,-57.389873,-36.561866"
"Nicole White,61,360 Stanley Gateway Suite 869,Mooremouth,North Dakota,17271,140.965581,71.144617"
"Dakota Garcia,39,390 Jacobson Union Apt. 487,Hunterville,Utah,27201,-107.619171,54.7163355"
